"id","Address","Response_Address","Response_X","Response_Y"
1,"台北市復興北路99號",NA,NA,NA
2,"台北市松山區復興北路99號",NA,NA,NA
3,"台北市延平南路八十一號",NA,NA,NA
4,"台中市自由路2段1號",NA,NA,NA
5,"台南市中正路26號",NA,NA,NA
6,"高雄市大勇路131號",NA,NA,NA
7,"嘉義市中山路309號",NA,NA,NA
8,"新竹市中央路1號",NA,NA,NA
9,"花蓮縣玉里鎮中山路二段五十五號",NA,NA,NA
10,"花蓮縣花蓮市中山路356號",NA,NA,NA
11,"台北市和平東路3段15號",NA,NA,NA
12,"台北市中山北路五段六八九號",NA,NA,NA
13,"高雄市建國一路458號",NA,NA,NA
14,"彰化市光復路九十八號",NA,NA,NA
15,"台南市白河區三民路三九五號",NA,NA,NA
16,"台北市南港區南港路1段364號",NA,NA,NA
17,"台北市基隆路1段200號",NA,NA,NA
18,"台北縣板橋市東門街30之2號",NA,NA,NA
19,"台北縣樹林市復興路11號",NA,NA,NA
20,"新北市新店區安和路一段25之5號及25之6號",NA,NA,NA
21,"新竹市大同路130號3樓及新竹市中山路3號",NA,NA,NA
22,"新北市新店區北新路2段108號",NA,NA,NA
23,"桃園市桃園區經國路126號2樓及128號",NA,NA,NA
24,"台北市承德路1段17號",NA,NA,NA
25,"台北巿信義路4段456號",NA,NA,NA
26,"台北市民生東路2段174號",NA,NA,NA
27,"新北市蘆洲區中山一路161號",NA,NA,NA
28,"桃園市楊梅區新成路208號",NA,NA,NA
29,"新北市泰山區明志路1段205號",NA,NA,NA
30,"高雄市中華四路159號",NA,NA,NA
31,"苗栗縣苗栗市建民街60號",NA,NA,NA
32,"桃園市平鎮區環南路18號",NA,NA,NA
33,"基隆市義一路18號",NA,NA,NA
34,"臺南市成功路518號",NA,NA,NA
35,"台中市崇德路2段130號",NA,NA,NA
36,"新北市中和區景新街338號",NA,NA,NA
37,"新北市三重區自強路一段73號",NA,NA,NA
38,"新北市蘆洲區長榮路136號",NA,NA,NA
39,"臺北市南港區經貿二路168號",NA,NA,NA
40,"新北市三重區重陽路一段66號",NA,NA,NA
41,"台北市中正區忠孝西路一段6號",NA,NA,NA
42,"台南市永康區中華路425號",NA,NA,NA
43,"台中市北屯區文心路四段八七五號",NA,NA,NA
44,"新竹市民族路139號",NA,NA,NA
45,"台北市中山區松江路220號",NA,NA,NA
46,"嘉義市西區中山路386號",NA,NA,NA
47,"新北市永和區中正路63號",NA,NA,NA
48,"桃園市中壢區中山路118號",NA,NA,NA
49,"高雄市前金區中正四路168號",NA,NA,NA
50,"台北市南港區經貿二路168號",NA,NA,NA
51,"台中市梧棲區四維中路157巷1號",NA,NA,NA
52,"台北市中山區南京東路3段225號",NA,NA,NA
53,"台北市中山區松江路139號",NA,NA,NA
54,"雲林縣斗六市中山路82號",NA,NA,NA
55,"台南市開元路147號",NA,NA,NA
56,"新竹市光復路1段267號",NA,NA,NA
57,"桃園市蘆竹區中正路311號",NA,NA,NA
58,"台北市中正區南海路1號",NA,NA,NA
59,"台北市大同區承德路3段210號",NA,NA,NA
60,"台中市沙鹿區沙田路131號",NA,NA,NA
61,"台中市清水區中山路170號",NA,NA,NA
62,"台北市重慶南路1段86號",NA,NA,NA
63,"雲林縣虎尾鎮林森路1段490號",NA,NA,NA
64,"臺南市中西區民生路1段165號",NA,NA,NA
65,"台中市西屯區西屯路2段256巷6號",NA,NA,NA
66,"台中市中區自由路2段8號",NA,NA,NA
67,"台北市八德路3段32號",NA,NA,NA
68,"台南市西門路1段223巷20號",NA,NA,NA
69,"台南市永康區永大路2段161號",NA,NA,NA
70,"新竹市民生路276號",NA,NA,NA
71,"高雄市三民區九如一路73號",NA,NA,NA
72,"桃園市桃園區成功路1段32號",NA,NA,NA
73,"新北市鶯歌區仁愛路1號",NA,NA,NA
74,"新竹縣竹北市光明六路85號",NA,NA,NA
75,"高雄市路竹區竹南里國昌路66號",NA,NA,NA
76,"南投縣南投市中山街202號",NA,NA,NA
77,"新北市新莊區中華路2段5號",NA,NA,NA
78,"新北市新莊區龍安路284號1樓及278巷3號",NA,NA,NA
79,"彰化縣彰化市華山路37號",NA,NA,NA
80,"臺北市士林區忠誠路二段48之1號",NA,NA,NA
81,"高雄市林園區鳳林路1段1號",NA,NA,NA
82,"高雄市楠梓區新昌街51號",NA,NA,NA
83,"苗栗縣苗栗市中正路462號",NA,NA,NA
84,"金門縣金城鎮民權路188號",NA,NA,NA
85,"台中市太平區中興東路50號",NA,NA,NA
86,"南投縣竹山鎮集山路3段919號",NA,NA,NA
87,"台中市北屯區崇德路2段46之1號",NA,NA,NA
88,"台北市忠孝東路1段85號",NA,NA,NA
89,"嘉義縣民雄鄉保生街212號",NA,NA,NA
90,"台北市中正區新生南路1段148號",NA,NA,NA
91,"屏東縣潮州鎮延平路206號",NA,NA,NA
92,"台南市歸仁區中山路2段29號",NA,NA,NA
93,"台南市佳里區和平街83號",NA,NA,NA
94,"台中市大里區國光路2段259號",NA,NA,NA
95,"屏東縣屏東市民生路287號",NA,NA,NA
96,"雲林縣西螺鎮延平路190號",NA,NA,NA
97,"台北市文林路342號",NA,NA,NA
98,"高雄市前金區中正四路143號",NA,NA,NA
99,"高雄市旗山區中山路102號",NA,NA,NA
100,"台北市松山區南京東路5段92號",NA,NA,NA
101,"台北市萬華區西園路1段200號",NA,NA,NA
102,"屏東縣屏東市濟南街10號",NA,NA,NA
103,"台南市善化區大成路281號",NA,NA,NA
104,"新竹市林森路196號",NA,NA,NA
105,"新北市土城區學府路1段25號",NA,NA,NA
106,"臺中市西區美村路一段272號",NA,NA,NA
107,"台南市新營區中山路117號",NA,NA,NA
108,"臺南市永康區小東路511號",NA,NA,NA
109,"宜蘭縣羅東鎮中正北路32號",NA,NA,NA
110,"高雄市左營區明誠二路491號",NA,NA,NA
111,"高雄市新興區民族二路97號",NA,NA,NA
112,"台北市大安區忠孝東路4段300號",NA,NA,NA
113,"高雄市苓雅區四維四路3號",NA,NA,NA
114,"台北市敦化南路2段71號",NA,NA,NA
115,"桃園市中壢區中央東路7號",NA,NA,NA
116,"彰化縣員林鎮中山南路27號",NA,NA,NA
117,"雲林縣北港鎮文化路40號",NA,NA,NA
118,"臺中市豐原區圓環西路23號",NA,NA,NA
119,"台南市林森路2段90號",NA,NA,NA
120,"新北市新莊區思源路173號",NA,NA,NA
121,"台南市學甲區華宗路295號",NA,NA,NA
122,"台北市木柵路3段96號",NA,NA,NA
123,"台北市和平東路2段347號",NA,NA,NA
124,"苗栗縣頭份鎮中華路932號",NA,NA,NA
125,"苗栗縣竹南鎮博愛街29號",NA,NA,NA
126,"臺中市大里區德芳路一段63號",NA,NA,NA
127,"高雄市鳳山區五甲二路642號",NA,NA,NA
128,"新竹縣竹東鎮大林路121號",NA,NA,NA
129,"台中市大雅區大雅里民興街39號",NA,NA,NA
130,"台北市大安區復興南路1段237號",NA,NA,NA
131,"新北市新店區中正路225之1號",NA,NA,NA
132,"新北市中和區景新街347號",NA,NA,NA
133,"台北市文山區景文街1號",NA,NA,NA
134,"臺北市中正區開封街1段2號",NA,NA,NA
135,"台北市忠孝東路5段410號",NA,NA,NA
136,"台中市南屯區向上路1段580號",NA,NA,NA
137,"台中市北屯區文心路4段934之1號",NA,NA,NA
138,"花蓮縣花蓮市國聯一路167號",NA,NA,NA
139,"新北市蘆洲區中山一路10號",NA,NA,NA
140,"桃園市龍潭區神龍路39號",NA,NA,NA
141,"新竹市經國路2段100號",NA,NA,NA
142,"高雄市鳳山區中山西路105之1號",NA,NA,NA
143,"台北市南京東路3段219號",NA,NA,NA
144,"台北市和平東路1段214號",NA,NA,NA
145,"新北市樹林區博愛街91號",NA,NA,NA
146,"台北市民權東路6段160號",NA,NA,NA
147,"台中市西屯區文心路3段337號",NA,NA,NA
148,"新北市新莊區公園一路141號",NA,NA,NA
149,"基隆市仁愛區孝二路86之5號",NA,NA,NA
150,"臺北市大安區忠孝東路4段300號",NA,NA,NA
151,"台北市復興北路420號",NA,NA,NA
152,"台北市中正區寶慶路69號",NA,NA,NA
153,"新北市中和區中和路232號",NA,NA,NA
154,"新北市土城區中央路2段165號",NA,NA,NA
155,"台南市中西區民生路1段165號",NA,NA,NA
156,"新北市板橋區三民路2段40號",NA,NA,NA
157,"桃園市楊梅區新成路125號",NA,NA,NA
158,"桃園市中壢區中央西路1段120號",NA,NA,NA
159,"雲林縣斗六市文化路29號",NA,NA,NA
160,"新北市永和區永和路2段2號",NA,NA,NA
161,"彰化縣員林鎮大同路2段283號",NA,NA,NA
162,"桃園市桃園區莊敬路1段375號",NA,NA,NA
163,"新北市三重區重新路3段111號",NA,NA,NA
164,"新北市永和區福和路139號",NA,NA,NA
165,"屏東縣屏東市廣東路690號",NA,NA,NA
166,"台北市中山北路6段126號",NA,NA,NA
167,"桃園市桃園區復興路96號",NA,NA,NA
168,"台南市長榮路1段203號",NA,NA,NA
169,"新北市土城區中央路1段255號",NA,NA,NA
170,"新北市新莊區新泰路246號",NA,NA,NA
171,"新北市淡水區中正路67號",NA,NA,NA
172,"台北市北投區北投路2段13號",NA,NA,NA
173,"臺中市西區臺灣大道2段489號",NA,NA,NA
174,"新北市板橋區中山路1段10號",NA,NA,NA
175,"高雄市左營區左營大路158號",NA,NA,NA
176,"南投縣草屯鎮中興路88號",NA,NA,NA
177,"高雄市三民區建工路715號2樓及717號",NA,NA,NA
178,"台北市大同區南京西路66號",NA,NA,NA
179,"新北市蘆洲區光華路11號",NA,NA,NA
180,"彰化縣彰化市中正路1段296號",NA,NA,NA
181,"桃園市成功路1段32號",NA,NA,NA
182,"台北市內湖區成功路4段166號地下1樓部分及168號",NA,NA,NA
183,"台北市敦化南路1段225號",NA,NA,NA
184,"新北市汐止區新台五路1段159號",NA,NA,NA
185,"彰化縣鹿港鎮公園一路88號",NA,NA,NA
186,"臺中市大甲區中山路1段833之1號",NA,NA,NA
187,"新北市三重區正義北路195號",NA,NA,NA
188,"臺中市豐原區三豐路1段43號",NA,NA,NA
189,"台北市松山區民生東路5段171號",NA,NA,NA
190,"基隆市信一路132號",NA,NA,NA
191,"高雄市小港區漢民路381號",NA,NA,NA
192,"苗栗縣苑裡鎮客庄里新興路31之8號及31之9號",NA,NA,NA
193,"台中市北屯區崇德路2段46之2號及46之3號",NA,NA,NA
194,"新北市中和區中和路102號",NA,NA,NA
195,"屏東縣東港鎮光復路1段188號",NA,NA,NA
196,"嘉義市西區林森西路173號",NA,NA,NA
197,"新北市樹林區中山路1段99號",NA,NA,NA
198,"台北市大安區羅斯福路三段37號",NA,NA,NA
199,"台北市忠孝東路5段293號",NA,NA,NA
200,"臺北市中山區南京東路3段225號",NA,NA,NA
201,"臺北市中山區南京東路三段225號",NA,NA,NA
202,"台北市復興南路1段209號",NA,NA,NA
203,"高雄市九如二路548號",NA,NA,NA
204,"新北市新店區中興路3段134號",NA,NA,NA
205,"新北市三重區重新路2段21號",NA,NA,NA
206,"台中市五權西路一段二三七號",NA,NA,NA
207,"高雄市四維四路30號",NA,NA,NA
208,"高雄市林園區沿海路3段2號",NA,NA,NA
209,"新北市新莊區新泰路368號",NA,NA,NA
210,"台南市忠義路2段47號",NA,NA,NA
211,"高雄市博愛一路391號",NA,NA,NA
212,"新北市永和區民有街1號",NA,NA,NA
213,"屏東縣潮州鎮新生路8號",NA,NA,NA
214,"高雄市三民區九如一路502號",NA,NA,NA
215,"台北市承德路一段十七號",NA,NA,NA
216,"新竹市信義街68號",NA,NA,NA
217,"台北市信義路2段101號",NA,NA,NA
218,"嘉義市垂楊路316號",NA,NA,NA
219,"桃園縣中壢市元化路226號",NA,NA,NA
220,"彰化市彰美路1段186號",NA,NA,NA
221,"雲林縣虎尾鎮中正路15號",NA,NA,NA
222,"高雄市岡山區岡山路339號",NA,NA,NA
223,"台北市忠孝東路4段212號",NA,NA,NA
224,"基隆市愛四路60號",NA,NA,NA
225,"宜蘭縣宜蘭市舊城北路23號",NA,NA,NA
226,"台北市民權西路十一號",NA,NA,NA
227,"台北市承德路7段348號",NA,NA,NA
228,"南投縣草屯鎮和興街92號92之1號",NA,NA,NA
229,"南投縣埔里鎮南昌街231號",NA,NA,NA
230,"台南市安中路二段三00號",NA,NA,NA
231,"台北市松德路16號",NA,NA,NA
232,"新北市板橋區中山路一段141號",NA,NA,NA
233,"台中縣烏日鄉三民街179號",NA,NA,NA
234,"台北市長安東路1段23號",NA,NA,NA
235,"台北市羅斯福路3段28號",NA,NA,NA
236,"臺北市敦化南路二段99號",NA,NA,NA
237,"台中市潭子區中山路2段281號",NA,NA,NA
238,"台中市清水區中山路196號",NA,NA,NA
239,"台中市台中路504號",NA,NA,NA
240,"台南市成功路四五七號",NA,NA,NA
241,"台北市南京東路5段108號",NA,NA,NA
242,"高雄市新興區七賢一路251號",NA,NA,NA
243,"屏東市中正路一二三號",NA,NA,NA
244,"台北市中山區南京東路2段123號",NA,NA,NA
245,"台北市信義區信義路五段8號",NA,NA,NA
246,"桃園縣桃園市成功路2段1號",NA,NA,NA
247,"台南市佳里區和平街83號",NA,NA,NA
248,"花蓮市民國路167號",NA,NA,NA
249,"台中市文心路2段645號",NA,NA,NA
250,"南投縣草屯鎮草溪路1020號",NA,NA,NA
251,"南投縣埔里鎮西安路一段299號",NA,NA,NA
252,"南投縣南投市三和二路11號",NA,NA,NA
253,"台中市霧峰區四德路10號",NA,NA,NA
254,"台北市南京東路2段111號",NA,NA,NA
255,"台北市中正區重慶南路1段10號",NA,NA,NA
256,"台南市富北街7號",NA,NA,NA
257,"台中市台灣大道二段573號",NA,NA,NA
258,"台北市內湖區民權東路6段114號",NA,NA,NA
259,"新北市板橋區府中路29號",NA,NA,NA
260,"新北市中和區中和路356號3樓及358之1號",NA,NA,NA
261,"嘉義市興業西路342號",NA,NA,NA
262,"高雄市七賢二路267號",NA,NA,NA
263,"台北市士林區文林路338號",NA,NA,NA
264,"台北市木柵路3段96號",NA,NA,NA
265,"桃園市中壢區復興路46號",NA,NA,NA
266,"桃園縣八德市介壽路1段919號",NA,NA,NA
267,"新北市三重區重新路2段21號",NA,NA,NA
268,"彰化縣員林鎮中山路1段753號",NA,NA,NA
269,"台北市羅斯福路6段403號",NA,NA,NA
270,"新竹市東門街60號",NA,NA,NA
271,"台北市南京東路2段38號",NA,NA,NA
272,"新北市板橋區三民路1段210號",NA,NA,NA
273,"花蓮市中山路207號",NA,NA,NA
274,"台中市大墩路709號",NA,NA,NA
275,"屏東市中正路125號",NA,NA,NA
276,"台南市永康區小東路451號1樓及中華路1之1號",NA,NA,NA
277,"台北市基隆路2段109號",NA,NA,NA
278,"彰化縣二林鎮中山路116號",NA,NA,NA
279,"新北市新莊區中正路383號",NA,NA,NA
280,"桃園市中正路1223號",NA,NA,NA
281,"雲林縣斗六市中山路72號",NA,NA,NA
282,"高雄市鳳山區光遠路163號",NA,NA,NA
283,"宜蘭縣宜蘭市中山路3段217號",NA,NA,NA
284,"台北縣中和市中和路35號",NA,NA,NA
285,"新竹市建中路37號",NA,NA,NA
286,"台中市豐原區三民路95號",NA,NA,NA
287,"新北市三峽區文化路59號",NA,NA,NA
288,"新竹縣竹北市縣政二路273號",NA,NA,NA
289,"台北市復興北路57號",NA,NA,NA
290,"桃園市龍潭區大昌路一段86號",NA,NA,NA
291,"新北市樹林區中山路1段100號",NA,NA,NA
292,"苗栗縣頭份鎮中華路926號",NA,NA,NA
293,"高雄市鼓山區華榮路391號",NA,NA,NA
294,"彰化縣和美鎮彰美路5段300號",NA,NA,NA
295,"新北市板橋區文化路2段182巷1弄2號",NA,NA,NA
296,"新北市土城區中央路2段209號",NA,NA,NA
297,"台北市南京東路2段111號",NA,NA,NA
298,"苗栗縣苗栗市中正路426號",NA,NA,NA
299,"新北市永和區永和路2段116號",NA,NA,NA
300,"台中市民族路45號",NA,NA,NA
301,"彰化縣員林鎮中正路462號",NA,NA,NA
302,"台北市復興北路57號",NA,NA,NA
303,"桃園市中壢區中美路一段18號",NA,NA,NA
304,"台中市豐原區中正路220號",NA,NA,NA
305,"台北市中山北路二段44號",NA,NA,NA
306,"台北市中山區復興南路1段2號",NA,NA,NA
307,"新北市新莊區民安路179號",NA,NA,NA
308,"台北市光復北路112號",NA,NA,NA
309,"高雄市三民區壽昌路93號",NA,NA,NA
310,"高雄市楠梓區軍校路800號",NA,NA,NA
311,"台北市中山區松江路122號",NA,NA,NA
312,"台南市西門路3段159號",NA,NA,NA
313,"高雄市中山二路260號",NA,NA,NA
314,"台中市東興路二段187號",NA,NA,NA
315,"台中市南屯區五權西路2段271號",NA,NA,NA
316,"屏東縣屏東市廣東路125號",NA,NA,NA
317,"台北縣板橋市中山路1段156之1號",NA,NA,NA
318,"高雄市前鎮區中山二路2號",NA,NA,NA
319,"桃園市中壢區中山路119號",NA,NA,NA
320,"高雄市鳳山區維新路126號",NA,NA,NA
321,"台南市新營區中山路115號",NA,NA,NA
322,"台北市塔城街30號",NA,NA,NA
323,"台中市中正路二二四號",NA,NA,NA
324,"台南市中正路一八五號",NA,NA,NA
325,"高雄市三民區九如二路255號",NA,NA,NA
326,"嘉義市光華路一三二號",NA,NA,NA
327,"台中市太平區中興里二鄰中興東路二十七號",NA,NA,NA
328,"屏東市漢口街七號",NA,NA,NA
329,"新竹縣竹北市斗崙里縣政九路一二八號",NA,NA,NA
330,"台中市豐原區源豐路1號",NA,NA,NA
331,"高雄市岡山區岡山路412號",NA,NA,NA
332,"嘉義縣民雄鄉建國路三段八十三號",NA,NA,NA
333,"台北市南京西路七十六號",NA,NA,NA
334,"高雄市六合二路1號",NA,NA,NA
335,"台北市重慶南路一段七十二號",NA,NA,NA
336,"桃園市中華路99號",NA,NA,NA
337,"高雄市復興一路九十號",NA,NA,NA
338,"新北市板橋區中山路2段62號",NA,NA,NA
339,"臺北市敦化南路二段95號",NA,NA,NA
340,"台北市敦化南路2段207號",NA,NA,NA
341,"桃園市桃園區縣府路82號",NA,NA,NA
342,"桃園市蘆竹區光明路一段100號",NA,NA,NA
343,"桃園市八德區介壽路一段655號",NA,NA,NA
344,"台北市南海路20號",NA,NA,NA
345,"台中市北屯區中清路二段578號",NA,NA,NA
346,"台中市三民路3段265號",NA,NA,NA
347,"台中市南屯區大墩路754號",NA,NA,NA
348,"台北市重慶南路1段2號",NA,NA,NA
349,"高雄市鳳山區保泰路392號",NA,NA,NA
350,"台中市五權西路1段257號",NA,NA,NA
351,"屏東市中正路125號",NA,NA,NA
352,"南投縣埔里鎮中正路479號",NA,NA,NA
353,"台北市大安區忠孝東路4段295號",NA,NA,NA
354,"台北市重慶南路1段2號",NA,NA,NA
355,"台北市敦化北路88號",NA,NA,NA
356,"台北市安和路2段187號",NA,NA,NA
357,"台北市松山路130號",NA,NA,NA
358,"台北市松江路129號",NA,NA,NA
359,"台北市民生西路286號",NA,NA,NA
360,"台北市博愛路57號",NA,NA,NA
361,"新竹市中正路129號",NA,NA,NA
362,"桃園市大園區大園村中山北路102號",NA,NA,NA
363,"桃園市中壢區延平路370號",NA,NA,NA
364,"宜蘭縣羅東鎮中正路203號",NA,NA,NA
365,"新北市中和區中和路370號",NA,NA,NA
366,"彰化縣員林鎮大同路1段338號",NA,NA,NA
367,"台北市忠孝東路4段280號",NA,NA,NA
368,"新北市板橋區中山路1段48號",NA,NA,NA
369,"台北市信義路三段149號",NA,NA,NA
370,"台北市忠誠路1段60號2樓及62號",NA,NA,NA
371,"新北市新莊區中港路338號",NA,NA,NA
372,"新北市板橋區文化路2段246號",NA,NA,NA
373,"新北市三重區中正北路110號",NA,NA,NA
374,"台中市中正路478號",NA,NA,NA
375,"南投縣南投市文昌街45號",NA,NA,NA
376,"桃園市南平路370號",NA,NA,NA
377,"新竹縣竹北市縣政九路145號",NA,NA,NA
378,"台中市豐原區信義街67巷15號",NA,NA,NA
379,"台北市信義路4段189號",NA,NA,NA
380,"台北市南京東路3段36號",NA,NA,NA
381,"台北市中山區長安東路1段23號",NA,NA,NA
382,"高雄市自立一路247號",NA,NA,NA
383,"台中市西屯區市政路402號",NA,NA,NA
384,"新竹市光復路2段289號",NA,NA,NA
385,"新北市板橋區中山路一段180號2樓及182號",NA,NA,NA
386,"台北市民權東路3段35號",NA,NA,NA
387,"高雄市前鎮區中山二路260號",NA,NA,NA
388,"雲林縣虎尾鎮新生路136號",NA,NA,NA
389,"台南市永康區中華路423號",NA,NA,NA
390,"臺北市南昌路1段110號",NA,NA,NA
391,"高雄市中正一路284號",NA,NA,NA
392,"台中市市政北一路1號",NA,NA,NA
393,"台北市內湖路1段49號",NA,NA,NA
394,"台南市西門路1段655號",NA,NA,NA
395,"新北市新店區北新路二段252號",NA,NA,NA
396,"嘉義市中山路386號",NA,NA,NA
397,"桃園市中山路845號",NA,NA,NA
398,"台南市公園路40號",NA,NA,NA
399,"屏東縣潮州鎮延平路16號",NA,NA,NA
400,"高雄市鼓山區龍德路473號",NA,NA,NA
401,"彰化市民族路532號",NA,NA,NA
402,"台北市光復南路102號",NA,NA,NA
403,"桃園市南華街77號",NA,NA,NA
404,"臺北市松山區民生東路3段156號",NA,NA,NA
405,"新北市永和區保生路1號",NA,NA,NA
406,"新北市新莊區思源路332巷1號",NA,NA,NA
407,"高雄市九如一路156號",NA,NA,NA
408,"台北市松江路162號",NA,NA,NA
409,"台北市仁愛路二段2號",NA,NA,NA
410,"新北市土城區裕民路116號",NA,NA,NA
411,"臺南市東區崇學路108號",NA,NA,NA
412,"嘉義市中山路497號",NA,NA,NA
413,"台北市羅斯福路4段60號",NA,NA,NA
414,"臺北市士林區中正路266號",NA,NA,NA
415,"臺中市西屯區市政路386號",NA,NA,NA
416,"台北市松山區南京東路5段89號",NA,NA,NA
417,"高雄市左營區博愛二路576號",NA,NA,NA
418,"台北市武昌街1段77號",NA,NA,NA
419,"桃園市桃園區信光路125號",NA,NA,NA
420,"新竹市光復路一段569號",NA,NA,NA
421,"臺中市大里區國光路二段407號",NA,NA,NA
422,"臺北市松山區民生東路3段156號",NA,NA,NA
423,"桃園市平鎮區環南路184號",NA,NA,NA
424,"彰化縣北斗鎮光復路166號",NA,NA,NA
425,"彰化縣溪湖鎮文東街9號",NA,NA,NA
426,"彰化縣田中鎮南北街80號",NA,NA,NA
427,"彰化縣和美鎮彰美路五段二五六號",NA,NA,NA
428,"彰化縣花壇鄉花壇村花壇街273號",NA,NA,NA
429,"雲林縣虎尾鎮新興路116號",NA,NA,NA
430,"花蓮縣花蓮市公園路26號",NA,NA,NA
431,"台北市忠孝東路2段95號",NA,NA,NA
432,"嘉義市文化路259號",NA,NA,NA
433,"台中市五權西路一段257號",NA,NA,NA
434,"台中縣沙鹿鎮沙田路107號",NA,NA,NA
435,"台南市忠義路2段14號",NA,NA,NA
436,"新竹縣竹北市三民路18號",NA,NA,NA
437,"台北縣三重市正義北路195號",NA,NA,NA
438,"台北市文山區景中街1號",NA,NA,NA
439,"台北縣板橋市文化路1段268號",NA,NA,NA
440,"雲林縣斗六市民生路156號",NA,NA,NA
441,"雲林縣西螺鎮中山路127號",NA,NA,NA
442,"雲林縣斗南鎮中正路131號",NA,NA,NA
443,"雲林縣虎尾鎮公安路133號",NA,NA,NA
444,"台南縣麻豆鎮興中路127號",NA,NA,NA
445,"台北市金山南路2段33號",NA,NA,NA
446,"高雄市中正四路235號",NA,NA,NA
447,"台中市西區館前路55號",NA,NA,NA
448,"台南市新營區中營里中山路116號",NA,NA,NA
449,"台北市中山北路6段126號",NA,NA,NA
450,"桃園縣桃園市成功路2段2號",NA,NA,NA
451,"新北市板橋區三民路1段216號",NA,NA,NA
452,"台北市南京東路3段65號",NA,NA,NA
453,"高雄市小港區漢民路381號",NA,NA,NA
454,"台北市民生西路286號",NA,NA,NA
455,"桃園市桃園區桃鶯路343號",NA,NA,NA
456,"新竹市中正路129號",NA,NA,NA
457,"台北市重慶南路1段2號",NA,NA,NA
458,"新北市永和區保生路1號",NA,NA,NA
459,"高雄市新光路36號",NA,NA,NA
460,"台北市忠孝東路4段563號",NA,NA,NA
461,"桃園市中壢區中山路142號",NA,NA,NA
462,"台北市民生東路3段128號",NA,NA,NA
463,"彰化縣彰化市和平路57號",NA,NA,NA
464,"彰化縣鹿港鎮彰鹿路8段59號",NA,NA,NA
465,"台北市羅斯福路2段9號",NA,NA,NA
466,"高雄市大順二路41號",NA,NA,NA
467,"台北市信義區忠孝東路5段510號",NA,NA,NA
468,"台北市信義路3段182號",NA,NA,NA
469,"彰化縣員林鎮中山路1段753號",NA,NA,NA
470,"臺北市忠孝東路二段95號",NA,NA,NA
471,"台北市復興北路99號",NA,NA,NA
472,"台北市內湖區成功路4段166號",NA,NA,NA
473,"台中市西屯區臺灣大道4段600號",NA,NA,NA
474,"高雄縣岡山鎮中山北路28號",NA,NA,NA
475,"台北縣新莊市思源路427號",NA,NA,NA
476,"桃園市桃園區三民路3段317號",NA,NA,NA
477,"台北市大安區忠孝東路四段325號",NA,NA,NA
478,"台中市西區民權路91號",NA,NA,NA
479,"台南市北區成功路48號",NA,NA,NA
480,"高雄市大勇路97號",NA,NA,NA
481,"嘉義市國華街279號",NA,NA,NA
482,"基隆市仁二路255號",NA,NA,NA
483,"彰化縣彰化市民生路279號",NA,NA,NA
484,"高雄市鳳山區鳳松路3號",NA,NA,NA
485,"新竹市東區東門街60號",NA,NA,NA
486,"台北市中山區南京東路2段85號",NA,NA,NA
487,"桃園市桃園區中華路12號",NA,NA,NA
488,"台中市西屯區漢口路二段151號",NA,NA,NA
489,"新北市三重區正義南路17號",NA,NA,NA
490,"高雄市鳳山區五福二路36號",NA,NA,NA
491,"高雄市大寮區力行路105號",NA,NA,NA
492,"高雄市楠梓區興楠路285號",NA,NA,NA
493,"台北市信義路4段236號",NA,NA,NA
494,"台北市松山區民生東路5段171之1號及171之2號",NA,NA,NA
495,"桃園市中正路1125號",NA,NA,NA
496,"台北市南京東路4段130號",NA,NA,NA
497,"台南市中西區忠義路2段69號",NA,NA,NA
498,"新北市中和區民樂路23號",NA,NA,NA
499,"台中市文心路1段521號",NA,NA,NA
500,"高雄市中正二路175號",NA,NA,NA
501,"臺北市中正區博愛路76號",NA,NA,NA
502,"臺南市新化區中山路243號",NA,NA,NA
503,"台北市重慶南路1段86號",NA,NA,NA
504,"台北縣板橋市南雅南路二段一七0號",NA,NA,NA
505,"新竹市光復路1段472號",NA,NA,NA
506,"台南市林森路1段395號",NA,NA,NA
507,"高雄市前鎮區中山二路260號",NA,NA,NA
508,"台中市自由路2段131號",NA,NA,NA
509,"台北市重慶南路1段86號",NA,NA,NA
510,"臺北市信義路5段7號",NA,NA,NA
511,"台北市信義區松智路1號",NA,NA,NA
512,"高雄市苓雅區三多二路93號",NA,NA,NA
513,"高雄市左營區博愛二路366號",NA,NA,NA
514,"嘉義縣朴子市山通路37號",NA,NA,NA
515,"高雄市新興區七賢二路38號",NA,NA,NA
516,"高雄市前鎮區瑞北路44號",NA,NA,NA
517,"高雄市楠梓區楠都東街181號",NA,NA,NA
518,"台北市敦化南路2段207號",NA,NA,NA
519,"台北市敦化南路2段207號",NA,NA,NA
520,"台南市西門路3段10號",NA,NA,NA
521,"台北市信義路4段96號",NA,NA,NA
522,"台南縣佳里鎮建南里九鄰光復路一四八號",NA,NA,NA
523,"台南市府前路1段141號",NA,NA,NA
524,"台南市金華路二段一七二號",NA,NA,NA
525,"台北市信義路二段二一三號",NA,NA,NA
526,"高雄市光華一路148之83號",NA,NA,NA
527,"台北市南京東路五段一八八號",NA,NA,NA
528,"台南市東區中華東路3段242號",NA,NA,NA
529,"台北市信義區基隆路一段333號",NA,NA,NA
530,"桃園市中壢區中和路92.94.96.98號",NA,NA,NA
531,"桃園市龍潭區中正里龍華路130號",NA,NA,NA
532,"桃園市中壢區中山路二二八巷十八號",NA,NA,NA
533,"桃園市中壢區忠孝路159號",NA,NA,NA
534,"台北市敦化南路2段335號",NA,NA,NA
535,"高雄市新興區中正三路55號",NA,NA,NA
536,"臺中市中華路一段35號",NA,NA,NA
537,"台北市中山區松江路136號",NA,NA,NA
538,"臺南市民生路一段62號",NA,NA,NA
539,"桃園市桃園區中正路1125號",NA,NA,NA
540,"新北市新莊區中正路387號",NA,NA,NA
541,"台北市忠孝東路4段293號",NA,NA,NA
542,"台北市敦化南路二段333號",NA,NA,NA
543,"台北市中正區館前路65號",NA,NA,NA
544,"新北市板橋區三民路1段216號",NA,NA,NA
545,"臺北市敦化南路二段333號19樓部分暨335號",NA,NA,NA
546,"台北市重慶北路3段199號",NA,NA,NA
547,"台東縣台東市中華路一段三九七號",NA,NA,NA
548,"台北市北投區北投路2段13號",NA,NA,NA
549,"台北市南港區興中路12巷25號",NA,NA,NA
550,"高雄市前金區中正四路213號",NA,NA,NA
551,"桃園市中壢區興農路125號",NA,NA,NA
552,"臺南市成功路114號",NA,NA,NA
553,"桃園市蘆竹區中正路二九五號",NA,NA,NA
554,"新北市新莊區中華路1段16號",NA,NA,NA
555,"嘉義市垂楊路508號",NA,NA,NA
556,"高雄市左營區立文路77號",NA,NA,NA
557,"台中市北屯路二四五號",NA,NA,NA
558,"高雄市三民區天祥一路148號",NA,NA,NA
559,"彰化縣彰化市金馬路三段六五六號",NA,NA,NA
560,"新北市中和區信義街43號",NA,NA,NA
561,"台北市大安區信義路四段382號",NA,NA,NA
562,"臺北市松山區南京東路五段188號",NA,NA,NA
563,"臺北市松山區南京東路三段346號",NA,NA,NA
564,"台南市新市區復興路1號",NA,NA,NA
565,"高雄市苓雅區和平一路87號",NA,NA,NA
566,"臺中市西區臺中港路一段一二號",NA,NA,NA
567,"台北市松山區南京東路五段188號",NA,NA,NA
568,"桃園市桃園區中正路133號",NA,NA,NA
569,"台北市大安區仁愛路四段376號",NA,NA,NA
570,"臺中市西屯區市政北一路1號",NA,NA,NA
571,"臺北市博愛路38號",NA,NA,NA
572,"台北市信義區基隆路1段176號",NA,NA,NA
573,"台北市南京西路406號",NA,NA,NA
574,"台中市北區中清路一段100號",NA,NA,NA
575,"新竹市四維路130號",NA,NA,NA
576,"台南市康樂街156號",NA,NA,NA
577,"嘉義市興業西路121號1樓及123號",NA,NA,NA
578,"台北市內湖區成功路3段174巷8號",NA,NA,NA
579,"新北市永和區得和路104巷24號",NA,NA,NA
580,"新北市板橋區三民路1段210號",NA,NA,NA
581,"澎湖縣馬公市大仁街9號",NA,NA,NA
582,"台北市仁愛路4段85號",NA,NA,NA
583,"高雄市新興區中正三路55號",NA,NA,NA
584,"台北市石牌路1段82號",NA,NA,NA
585,"桃園市蘆竹區南崁路66號",NA,NA,NA
586,"台北市松山區復興北路143號",NA,NA,NA
587,"屏東市中正路123號",NA,NA,NA
588,"台北市基隆路一段176號",NA,NA,NA
589,"台北市中山區長安東路一段22號",NA,NA,NA
590,"彰化縣員林鎮大同路1段338號",NA,NA,NA
591,"台中市向上路1段110號",NA,NA,NA
592,"高雄市苓雅區中正一路120號",NA,NA,NA
593,"台南市大同路1段98號",NA,NA,NA
594,"桃園市桃園區民族路55號",NA,NA,NA
595,"彰化縣彰化市和平路48號",NA,NA,NA
596,"澎湖縣馬公市光復路88號",NA,NA,NA
597,"台北市中山區中山北路2段61號",NA,NA,NA
598,"高雄市中正四路17號",NA,NA,NA
599,"新竹市英明街3號",NA,NA,NA
600,"台北市光復北路16號",NA,NA,NA
601,"台北市忠孝東路2段88號",NA,NA,NA
602,"台中市自由路1段144號",NA,NA,NA
603,"台北市迪化街1段63號",NA,NA,NA
604,"新北市中和區中山路2段152號",NA,NA,NA
605,"苗栗縣頭份鎮中正路67號",NA,NA,NA
606,"嘉義市中山路307號",NA,NA,NA
607,"台中市豐原區中山路423號",NA,NA,NA
608,"高雄市路竹區中山路1187號",NA,NA,NA
609,"高雄市三民區大順二路147號",NA,NA,NA
610,"新北市板橋區文化路1段329號",NA,NA,NA
611,"桃園市中壢區中央西路2段30號",NA,NA,NA
612,"臺北市中山區長安東路一段22號",NA,NA,NA
613,"台北市安和路一段27號",NA,NA,NA
614,"台北市東興路8號",NA,NA,NA
615,"高雄市中正三路55號",NA,NA,NA
616,"台北市敦化南路2段105號",NA,NA,NA
617,"桃園市中壢區中美路51號",NA,NA,NA
618,"台北市博愛路80號",NA,NA,NA
619,"台南市中山路88號",NA,NA,NA
620,"台中市五權西路1段257號",NA,NA,NA
621,"新竹市北大路307號",NA,NA,NA
622,"嘉義市林森西路153號",NA,NA,NA
623,"屏東縣屏東市濟南街10號",NA,NA,NA
624,"基隆市仁愛區仁三路11號",NA,NA,NA
625,"新北市永和區福和路389號",NA,NA,NA
626,"台中市西屯區文心路2段201號",NA,NA,NA
627,"台南市新營區中山路113號",NA,NA,NA
628,"彰化縣彰化市華山路37號",NA,NA,NA
629,"桃園市桃園區成功路1段32號",NA,NA,NA
630,"彰化縣員林鎮靜修路12號",NA,NA,NA
631,"新北市三重區重新路4段12號",NA,NA,NA
632,"台中市豐原區三民路199號",NA,NA,NA
633,"台北市士林區承德路4段83號",NA,NA,NA
634,"新北市板橋區府中路29之2號",NA,NA,NA
635,"高雄市苓雅區四維四路7號",NA,NA,NA
636,"新北市汐止區中興路160號",NA,NA,NA
637,"宜蘭縣宜蘭市民族路338號",NA,NA,NA
638,"台北市南京東路3段248號",NA,NA,NA
639,"台北市南昌路2段103號",NA,NA,NA
640,"金門縣金城鎮民權路160號",NA,NA,NA
641,"新北市土城區裕民路149號",NA,NA,NA
642,"台北市松江路127之1號",NA,NA,NA
643,"臺北市內湖路1段575號",NA,NA,NA
644,"台北市安和路1段29號",NA,NA,NA
645,"新北市新店區北新路二段262號",NA,NA,NA
646,"新北市新莊區中平路379號",NA,NA,NA
647,"桃園市中壢區中正路582號",NA,NA,NA
648,"桃園市桃園區中正路476號",NA,NA,NA
649,"苗栗縣竹南鎮中正路217號",NA,NA,NA
650,"台北市東興路8號",NA,NA,NA
651,"台北市明水路698號",NA,NA,NA
652,"臺中市臺灣大道1段728號",NA,NA,NA
653,"台中市民族路50號",NA,NA,NA
654,"新北市三重區正義北路206號",NA,NA,NA
655,"高雄市中正二路74號",NA,NA,NA
656,"新北市永和區中正路588號",NA,NA,NA
657,"桃園市桃園區成功路1段32號",NA,NA,NA
658,"高雄市岡山區公園東路47號",NA,NA,NA
659,"新北市板橋區四川路1段107號",NA,NA,NA
660,"新北市中和區中和路232號",NA,NA,NA
661,"台北市忠孝東路4段563號",NA,NA,NA
662,"台南市東區東門路2段160號",NA,NA,NA
663,"台北市許昌街17號",NA,NA,NA
664,"彰化市中山路2段353號",NA,NA,NA
665,"基隆市仁一路259號",NA,NA,NA
666,"宜蘭市光復路48號",NA,NA,NA
667,"新竹縣湖口鄉達生路15號",NA,NA,NA
668,"新北市新店區北新路3段106號",NA,NA,NA
669,"台中市大里區中興路2段127號",NA,NA,NA
670,"台東縣台東市中山路248號",NA,NA,NA
671,"台南市林森路1段395號",NA,NA,NA
672,"屏東縣東港鎮光復路1段186號",NA,NA,NA
673,"高雄市鼓山區明誠四路156號",NA,NA,NA
674,"台北市復興北路167號",NA,NA,NA
675,"台北市八德路4段678號",NA,NA,NA
676,"台北市明水路591號",NA,NA,NA
677,"台北市復興北路420號",NA,NA,NA
678,"新北市三峽區文化路59號",NA,NA,NA
679,"台北市中山北路7段18號",NA,NA,NA
680,"新北市五股區中興路4段40號",NA,NA,NA
681,"台北市南京東路3段101號",NA,NA,NA
682,"新北市土城區金城路3段182號",NA,NA,NA
683,"桃園市八德區介壽路2段137號",NA,NA,NA
684,"新北市新莊區中華路2段5號",NA,NA,NA
685,"台中市東勢區豐勢路297號",NA,NA,NA
686,"台中市豐原區三豐路1段43號",NA,NA,NA
687,"新北市新莊區四維路21號",NA,NA,NA
688,"屏東縣內埔鄉平昌街5號",NA,NA,NA
689,"新北市汐止區新興路3號",NA,NA,NA
690,"台北市博愛路35號",NA,NA,NA
691,"台北市中山區中山北路2段68號",NA,NA,NA
692,"屏東縣屏東市自由路188號",NA,NA,NA
693,"台北市松山區復興北路167號",NA,NA,NA
694,"彰化縣員林鎮中山路2段100號",NA,NA,NA
695,"台北市中山區南京東路1段52號",NA,NA,NA
696,"桃園市龜山區復興一路227號",NA,NA,NA
697,"新竹縣竹北市仁義路193號",NA,NA,NA
698,"台南市永華路1段32號",NA,NA,NA
699,"雲林縣虎尾鎮公安路160號",NA,NA,NA
700,"台北市松山區敦化北路88號",NA,NA,NA
701,"台北市士林區文林路342號",NA,NA,NA
702,"臺中市西屯區市政路402號",NA,NA,NA
703,"高雄市七賢一路249號",NA,NA,NA
704,"嘉義市垂楊路620號",NA,NA,NA
705,"新竹市光復路1段273號",NA,NA,NA
706,"台北市羅斯福路2段102號",NA,NA,NA
707,"桃園市蘆竹區中正路308號",NA,NA,NA
708,"新北市林口區文化二路1段569號",NA,NA,NA
709,"宜蘭縣羅東鎮中正北路48號",NA,NA,NA
710,"高雄市三民區澄清路466之5號",NA,NA,NA
711,"桃園市平鎮區環南路2段11號",NA,NA,NA
712,"新竹縣新豐鄉建興路1段106號",NA,NA,NA
713,"台北市南京東路2段137號",NA,NA,NA
714,"台北市忠孝東路5段550號",NA,NA,NA
715,"新竹市中正路158號",NA,NA,NA
716,"新竹縣竹東鎮朝陽路9號",NA,NA,NA
717,"高雄市鳳山區維新路128號",NA,NA,NA
718,"高雄市苓雅區中華四路47號",NA,NA,NA
719,"苗栗市中正路458號",NA,NA,NA
720,"台南市永康區中山南路1042號",NA,NA,NA
721,"雲林縣斗六市永安路46號",NA,NA,NA
722,"台南市北門路1段101號",NA,NA,NA
723,"桃園市中壢區環北路421號",NA,NA,NA
724,"台北市成功路4段358號",NA,NA,NA
725,"新北市板橋區三民路1段216號",NA,NA,NA
726,"台北市興隆路3段71號",NA,NA,NA
727,"台北市安和路2段82號",NA,NA,NA
728,"台中市華美西街2段311號",NA,NA,NA
729,"苗栗縣頭份鎮中華路916號",NA,NA,NA
730,"台中市北屯區文心路4段875號",NA,NA,NA
731,"台北市延平北路2段96號",NA,NA,NA
732,"台北市明水路698號",NA,NA,NA
733,"台北市仁愛路4段169號",NA,NA,NA
734,"彰化縣溪湖鎮興學街191號",NA,NA,NA
735,"台北市北投區裕民六路2號",NA,NA,NA
736,"台東市中華路1段366號",NA,NA,NA
737,"臺北市仁愛路四段169號",NA,NA,NA
738,"基隆市信一路133號",NA,NA,NA
739,"台北市木柵路3段96號",NA,NA,NA
740,"高雄市岡山區竹圍里22鄰中山北路178號",NA,NA,NA
741,"台北市南京西路36號",NA,NA,NA
742,"花蓮縣花蓮市林森路256號",NA,NA,NA
743,"新竹市光復路1段579號",NA,NA,NA
744,"台北市許昌街17號",NA,NA,NA
745,"新竹縣竹北市光明六路263號",NA,NA,NA
746,"新竹縣竹東鎮榮樂里14鄰惠昌街45號",NA,NA,NA
747,"台北市內湖區內湖路1段318號",NA,NA,NA
748,"宜蘭縣羅東鎮信義里興東路286號",NA,NA,NA
749,"桃園市中壢區慈惠3街162號",NA,NA,NA
750,"新竹市中山路8號",NA,NA,NA
751,"台北市民生東路3段138號",NA,NA,NA
752,"台北市信義路4段303號",NA,NA,NA
753,"新北市永和區保生路1號",NA,NA,NA
754,"新北市板橋區文化路1段266號",NA,NA,NA
755,"苗栗縣苗栗市中正路399號",NA,NA,NA
756,"台北市建國北路2段196號",NA,NA,NA
757,"高雄市新興區民族二路95號",NA,NA,NA
758,"台中市西屯區漢口路2段138號",NA,NA,NA
759,"彰化市中山路2段349號",NA,NA,NA
760,"新北市新店區北新路2段252號",NA,NA,NA
761,"台北市敦化南路1段108號",NA,NA,NA
762,"台北市天母東路36號",NA,NA,NA
763,"桃園縣桃園市中正路476號",NA,NA,NA
764,"台中市五權西路2段668號",NA,NA,NA
765,"台南市民生路2段279號",NA,NA,NA
766,"高雄市左營區博愛二路418之1號",NA,NA,NA
767,"臺北市八德路3段30號",NA,NA,NA
768,"彰化縣員林鎮莒光路五九八號",NA,NA,NA
769,"台北市建國南路1段237號",NA,NA,NA
770,"新北市三重區正義北路279號",NA,NA,NA
771,"台北市北投區中央北路1段2號",NA,NA,NA
772,"臺北市仁愛路4段376號",NA,NA,NA
773,"宜蘭市聖後街一一八號",NA,NA,NA
774,"台中市西屯區市政北二路238號",NA,NA,NA
775,"新北市板橋區忠孝路102號",NA,NA,NA
776,"嘉義市林森西路320號",NA,NA,NA
777,"台南縣新營市民治路301號",NA,NA,NA
778,"嘉義縣民雄鄉西安村西安路46之103號",NA,NA,NA
779,"雲林縣虎尾鎮德興里1鄰公安路133號",NA,NA,NA
780,"雲林縣北港鎮西勢里文化路40號",NA,NA,NA
781,"台北市南京東路3段287號",NA,NA,NA
782,"台北市長安東路1段18號",NA,NA,NA
783,"台北市忠孝東路5段68號",NA,NA,NA
784,"台北市松智路1號",NA,NA,NA
785,"台北市復興南路1段2號",NA,NA,NA
786,"台北市仁愛路4段296號",NA,NA,NA
787,"台北市民生東路4段54號",NA,NA,NA
788,"台中市南屯區五權西路二段131號",NA,NA,NA
789,"高雄市五福三路80號",NA,NA,NA
790,"新北市新莊區中港路306號4樓及308號",NA,NA,NA
791,"台南市府前路2段612號",NA,NA,NA
792,"台北市復興南路1段368號",NA,NA,NA
793,"台南市麻豆區中山路36號",NA,NA,NA
794,"台北市羅斯福路2段91號",NA,NA,NA
795,"高雄市民權二路385號",NA,NA,NA
796,"嘉義市文化路85號",NA,NA,NA
797,"苗栗縣苑裡鎮世界路1段70號",NA,NA,NA
798,"新北市淡水區中正路28號",NA,NA,NA
799,"新北市林口區林口路46號",NA,NA,NA
800,"新北市鶯歌區國慶街101號",NA,NA,NA
801,"基隆市仁愛區愛三路87號",NA,NA,NA
802,"高雄市小港區漢民路339號",NA,NA,NA
803,"高雄市岡山區民族路88號",NA,NA,NA
804,"台北市忠孝東路2段130號",NA,NA,NA
805,"台北市南京東路3段225號",NA,NA,NA
806,"雲林縣斗六市太平路7號",NA,NA,NA
807,"屏東縣潮州鎮新生路71號",NA,NA,NA
808,"嘉義縣朴子市文化北路2號",NA,NA,NA
809,"高雄市鳳山區中山路138號",NA,NA,NA
810,"高雄市楠梓區楠梓路201號",NA,NA,NA
811,"宜蘭縣羅東鎮公正路155號",NA,NA,NA
812,"臺北市信義區基隆路2段91號",NA,NA,NA
813,"桃園市中壢區環中東路262號",NA,NA,NA
814,"新竹縣竹北市勝利一路89號",NA,NA,NA
815,"苗栗縣頭份鎮中華路1167號",NA,NA,NA
816,"台北市忠孝東路4段107號",NA,NA,NA
817,"新北市板橋區中山路1段10號",NA,NA,NA
818,"桃園市桃園區南華街79號",NA,NA,NA
819,"台中市東勢區三民街280號",NA,NA,NA
820,"台北市重慶南路一段38號",NA,NA,NA
821,"苗栗縣苗栗市中正路686號",NA,NA,NA
822,"彰化縣彰化市陳稜路156號",NA,NA,NA
823,"台北市和平東路1段177之1號2樓及177之2號",NA,NA,NA
824,"新北市三重區仁愛街731號",NA,NA,NA
825,"雲林縣虎尾鎮和平路1號",NA,NA,NA
826,"雲林縣斗南鎮南昌路112號",NA,NA,NA
827,"雲林縣北港鎮文化路42號",NA,NA,NA
828,"台東市中華路1段347號",NA,NA,NA
829,"台北市民生東路4段54號",NA,NA,NA
830,"台北市民生東路5段165號",NA,NA,NA
831,"台北市北投區石牌路1段88號",NA,NA,NA
832,"台北市松仁路7號",NA,NA,NA
833,"台北市重慶南路1段66之1號",NA,NA,NA
834,"台中市五權西路1段118號",NA,NA,NA
835,"高雄市苓雅區中華四路35號",NA,NA,NA
836,"新竹縣竹北市光明六路東1段238號",NA,NA,NA
837,"台南市東區東門路2段262號",NA,NA,NA
838,"桃園市桃園區民生路105號",NA,NA,NA
839,"高雄市前金區中華三路11號",NA,NA,NA
840,"台北市民生東路3段109號",NA,NA,NA
841,"嘉義市新榮路193號",NA,NA,NA
842,"台北市松江路301號",NA,NA,NA
843,"台北市松仁路101號",NA,NA,NA
844,"臺北市敦化南路2段97號",NA,NA,NA
845,"台北市南京東路4段130號",NA,NA,NA
846,"高雄市中山二路505號",NA,NA,NA
847,"新北市板橋區東門街30之2號",NA,NA,NA
848,"台北市忠孝東路4段270號",NA,NA,NA
849,"臺中市民權路91號",NA,NA,NA
850,"臺南市開元路280號",NA,NA,NA
851,"新竹市經國路2段62號",NA,NA,NA
852,"臺北市南京東路5段213號",NA,NA,NA
853,"臺北市中正路118號",NA,NA,NA
854,"臺中市梧棲區大仁路二段369號",NA,NA,NA
855,"臺北市信義區松山路132號",NA,NA,NA
856,"臺中市潭子區興華一路418號",NA,NA,NA
857,"基隆市仁二路255號",NA,NA,NA
858,"屏東縣屏東市永福路9號",NA,NA,NA
859,"臺北市西園路2段203號",NA,NA,NA
860,"新北市土城區中央路1段261號",NA,NA,NA
861,"高雄市鼓山區明華路317號",NA,NA,NA
862,"臺中市崇德路2段416號",NA,NA,NA
863,"臺北市館前路49號",NA,NA,NA
864,"新北市三重區正義南路91號",NA,NA,NA
865,"高雄市河東路165號",NA,NA,NA
866,"台中市忠明南路40號",NA,NA,NA
867,"台南市中西區民生路2段76號",NA,NA,NA
868,"新竹市北大路307號",NA,NA,NA
869,"彰化縣彰化市民生路279號",NA,NA,NA
870,"高雄市陽明路169號",NA,NA,NA
871,"桃園市桃園區成功路1段32號",NA,NA,NA
872,"桃園市中壢區中山路88號",NA,NA,NA
873,"新北市板橋區三民路1段216號",NA,NA,NA
874,"臺北市中正區南昌路2段85號",NA,NA,NA
875,"台南市北門路1段97號",NA,NA,NA
876,"臺北市南京東路2段71號",NA,NA,NA
877,"新北市新店區北新路2段252號2樓之4及262號",NA,NA,NA
878,"新北市新莊區中華路2段160號",NA,NA,NA
879,"台北市林森北路372號",NA,NA,NA
880,"新北市永和區福和路353號",NA,NA,NA
881,"臺北市內湖區成功路5段460號",NA,NA,NA
882,"台中市東區建成路735號",NA,NA,NA
883,"嘉義市垂楊路87號",NA,NA,NA
884,"台北市中山北路7段18號",NA,NA,NA
885,"台北市忠孝東路4段87號",NA,NA,NA
886,"台北市重慶北路1段30號",NA,NA,NA
887,"高雄市前鎮區永豐路8號",NA,NA,NA
888,"台北市內湖區成功路4段50號",NA,NA,NA
889,"臺北市大安區忠孝東路4段169號",NA,NA,NA
890,"台中市大甲區蔣公路295號",NA,NA,NA
891,"苗栗縣竹南鎮民族街87號",NA,NA,NA
892,"新北市新莊區富國路16號",NA,NA,NA
893,"高雄市苓雅區三多一路174號",NA,NA,NA
894,"臺北市大同區延平北路2段96號",NA,NA,NA
895,"宜蘭縣宜蘭市舊城南路50號",NA,NA,NA
896,"台北市松仁路101號",NA,NA,NA
897,"台北市大安區敦化南路2段97號",NA,NA,NA
898,"台北市衡陽路68號",NA,NA,NA
899,"高雄市忠孝一路456號",NA,NA,NA
900,"台中市南區復興路二段七十八號",NA,NA,NA
901,"台北市中正區忠孝西路一段6號",NA,NA,NA
902,"新北市淡水區中正路六十三號",NA,NA,NA
903,"台北市重慶南路1段58號",NA,NA,NA
904,"鳳山市曹公路20號",NA,NA,NA
905,"臺南市中正路240號",NA,NA,NA
906,"臺北市承德路2段239號",NA,NA,NA
907,"新竹市林森路29號",NA,NA,NA
908,"台中市民權路95號",NA,NA,NA
909,"高雄市苓雅區成功一路261號",NA,NA,NA
910,"台北市金山南路2段189號",NA,NA,NA
911,"台北市新生南路一段五十號",NA,NA,NA
912,"台北市中正區館前路49號",NA,NA,NA
913,"臺中市臺灣大道一段728號",NA,NA,NA
914,"台南市新營區新進路2段109號",NA,NA,NA
915,"新北市三重區重陽路1段66號",NA,NA,NA
916,"臺北市大安區信義路四段303號",NA,NA,NA
917,"台北市信義路5段106號",NA,NA,NA
918,"台北市南京東路2段137號",NA,NA,NA
919,"高雄市苓雅區光華一路208號",NA,NA,NA
920,"嘉義縣嘉義市中山路二八五之一號",NA,NA,NA
921,"台北市敦化南路一段209之1號及205號",NA,NA,NA
922,"新北市永和區中正路222號",NA,NA,NA
923,"新北市三重區重新路3段10號",NA,NA,NA
924,"桃園市桃園區大業路1段388號",NA,NA,NA
925,"臺中市南區復興路1段406號",NA,NA,NA
926,"臺南市東門路3段15號",NA,NA,NA
927,"台中縣豐原市水源路669號",NA,NA,NA
928,"台中市北屯區北興街43號",NA,NA,NA
929,"台北市民權西路104號",NA,NA,NA
930,"台北市中山北路2段113號",NA,NA,NA
931,"台北市大安區敦化南路2段207號",NA,NA,NA
932,"台北市中山北路2段96號",NA,NA,NA
933,"台北市南京東路二段125號",NA,NA,NA
934,"台北市松江路237號",NA,NA,NA
935,"台北市寶慶路37號",NA,NA,NA
936,"高雄市前金區五福三路21號",NA,NA,NA
937,"台北市松江路125號",NA,NA,NA
938,"台北市中山北路二段79號",NA,NA,NA
939,"台南市永康區蔦松二街三號",NA,NA,NA
940,"新北市三重區重陽路三段99號",NA,NA,NA
941,"台北市松江路八十七號",NA,NA,NA
942,"台南市永康區中正路301號",NA,NA,NA
943,"嘉義縣民雄鄉工業二路11號",NA,NA,NA
944,"彰化縣田中鎮興工路6號",NA,NA,NA
945,"台中市沙鹿區沙田路45號",NA,NA,NA
946,"台北市中山區南京東路二段206號",NA,NA,NA
947,"台中市大肚區沙田路一段453號",NA,NA,NA
948,"台北市仁愛路三段136號",NA,NA,NA
949,"臺北市大同區承德路一段44號",NA,NA,NA
950,"台北市迪化街一段148號",NA,NA,NA
951,"台南市官田區二鎮里工業西路32號",NA,NA,NA
952,"台北市忠孝東路4段107號",NA,NA,NA
953,"台北市信義路四段296號",NA,NA,NA
954,"高雄市仁武區高楠公路10號",NA,NA,NA
955,"新北市新店區寶興路45巷8弄3號",NA,NA,NA
956,"台北市和平西路一段三十號",NA,NA,NA
957,"台北市中山區松江路51號",NA,NA,NA
958,"台北市中山區松江路156號",NA,NA,NA
959,"新北市五股區五權五路31號",NA,NA,NA
960,"高雄市前金區成功一路266號",NA,NA,NA
961,"高雄市仁武區水管路100號",NA,NA,NA
962,"台北市敦化北路201號",NA,NA,NA
963,"台北市內湖區基湖路37號",NA,NA,NA
964,"台北市內湖區基湖路37號",NA,NA,NA
965,"高雄市三民區通化街120號",NA,NA,NA
966,"高雄市林園區工業一路3號",NA,NA,NA
967,"台北市內湖區基湖路37號",NA,NA,NA
968,"台北市羅斯福路一段六號",NA,NA,NA
969,"臺北市南京東路四段1號",NA,NA,NA
970,"台北市南港區南港路一段209號",NA,NA,NA
971,"高雄市大社區經建路1號",NA,NA,NA
972,"台中市西屯區工業區35路51號",NA,NA,NA
973,"台南市安平區永華路二段248號",NA,NA,NA
974,"台南市安和路二段98號",NA,NA,NA
975,"台北市莒光路310號",NA,NA,NA
976,"台南市仁德區勝利路88號",NA,NA,NA
977,"台北市中山區南京東路3段61號",NA,NA,NA
978,"台北市林森北路372號",NA,NA,NA
979,"彰化市中山路3段359號",NA,NA,NA
980,"新北市三重區重新路五段609巷8號",NA,NA,NA
981,"新北市新莊區五權一路9號",NA,NA,NA
982,"高雄市鼓山區明誠三路685號",NA,NA,NA
983,"彰化縣鹿港鎮興業路8號",NA,NA,NA
984,"台北市大安區敦化南路二段207號",NA,NA,NA
985,"台北市中山區南京東路二段123號",NA,NA,NA
986,"桃園市蘆竹區南山路三段二三三號",NA,NA,NA
987,"台北市內湖區瑞光路607號",NA,NA,NA
988,"台北市仁愛路四段376號",NA,NA,NA
989,"桃園市八德區介壽路一段728號",NA,NA,NA
990,"臺北市仁愛路四段25號",NA,NA,NA
991,"台北市新生南路1段56號",NA,NA,NA
992,"台北市南京東路二段123號",NA,NA,NA
993,"台北市忠孝東路四段310號",NA,NA,NA
994,"台中市東區復興路4段186號",NA,NA,NA
995,"雲林縣斗六市榴中里石榴路317號",NA,NA,NA
996,"新北市中和區景平路666號",NA,NA,NA
997,"台北巿中正區愛國東路22號",NA,NA,NA
998,"台北市大安區忠孝東路4段320號",NA,NA,NA
999,"桃園市中壢區民族路6段638號",NA,NA,NA
1000,"台北市信義區忠孝東路四段557之1號",NA,NA,NA
1001,"台南市東區裕農路511號",NA,NA,NA
1002,"台北市松山區南京東路三段346號",NA,NA,NA
1003,"新北市五股區成泰路一段189巷16號",NA,NA,NA
1004,"台北市大同區西寧北路70號",NA,NA,NA
1005,"台北市松江路162號",NA,NA,NA
1006,"台北市西寧北路62號",NA,NA,NA
1007,"台南市永康區中山南路473號",NA,NA,NA
1008,"台北市松江路162號",NA,NA,NA
1009,"台南市新市區三舍里207號",NA,NA,NA
1010,"苗栗縣後龍鎮東明里下浮尾119號",NA,NA,NA
1011,"台北市塔城街66號",NA,NA,NA
1012,"台北市敦化南路二段71號",NA,NA,NA
1013,"台北市西寧北路70號",NA,NA,NA
1014,"台北市西寧北路七十號",NA,NA,NA
1015,"台北市內湖區內湖路一段392號",NA,NA,NA
1016,"台北市內湖區瑞光路607號",NA,NA,NA
1017,"台北市環河北路1段73號",NA,NA,NA
1018,"台南市山上區明和里256號",NA,NA,NA
1019,"桃園市大園區大工路一二六號",NA,NA,NA
1020,"台南市新市區三舍里240號",NA,NA,NA
1021,"台北市西寧北路62號",NA,NA,NA
1022,"彰化縣埔鹽鄉永樂村番金路94號",NA,NA,NA
1023,"台南市仁德區新田里義林路126號",NA,NA,NA
1024,"桃園縣蘆竹鄉南崁路一段277號",NA,NA,NA
1025,"北市塔城街64號",NA,NA,NA
1026,"新北市五股區五權七路18號",NA,NA,NA
1027,"台北市大同區西寧北路62號",NA,NA,NA
1028,"台南市歸仁區中山路三段320號",NA,NA,NA
1029,"彰化縣伸港鄉全興工業區工西一路60號",NA,NA,NA
1030,"桃園市中壢區西園路138號",NA,NA,NA
1031,"新北市五股區五權路28號",NA,NA,NA
1032,"台北市忠孝東路四段550號",NA,NA,NA
1033,"台北市中山北路六段88號",NA,NA,NA
1034,"台北市南港區三重路19號",NA,NA,NA
1035,"台南市仁德區大甲里中正西路1015號",NA,NA,NA
1036,"台北市復興北路99號",NA,NA,NA
1037,"高雄市仁武區高楠公路廿二號",NA,NA,NA
1038,"新北市中和區中正路801號",NA,NA,NA
1039,"台北市南港區三重路19號",NA,NA,NA
1040,"台中市大里區仁化路261號",NA,NA,NA
1041,"台北市信義區光復南路495號",NA,NA,NA
1042,"彰化縣彰化市石牌里石牌路一段112號",NA,NA,NA
1043,"桃園市中壢區吉林路10號",NA,NA,NA
1044,"台南市新信路11號",NA,NA,NA
1045,"台南市新樂路72之2號",NA,NA,NA
1046,"桃園市蘆竹區內溪路48號",NA,NA,NA
1047,"桃園市楊梅區新江路100號",NA,NA,NA
1048,"桃園市蘆竹區海山中街51號",NA,NA,NA
1049,"台中市工業區36路24號",NA,NA,NA
1050,"台北市中山北路6段88號",NA,NA,NA
1051,"台南市北區成功路114號",NA,NA,NA
1052,"新竹縣新埔鎮文山里關埔路水車頭段629號",NA,NA,NA
1053,"台北市松山區105民生東路三段128號",NA,NA,NA
1054,"台北市106大安區仁愛路四段八十五號",NA,NA,NA
1055,"台中市大雅區中清路4段85號",NA,NA,NA
1056,"高雄市前鎮區806民權二路八號",NA,NA,NA
1057,"台中市大里區仁化路115號",NA,NA,NA
1058,"南投市自立三路6號",NA,NA,NA
1059,"桃園市中壢區大圳路三段93號",NA,NA,NA
1060,"台中市太平區中南路135號",NA,NA,NA
1061,"台中縣神岡鄉中山路1056號",NA,NA,NA
1062,"台中市后里區南村路41號",NA,NA,NA
1063,"台中市太平區永成路78號",NA,NA,NA
1064,"新北市鶯歌區中山路64號",NA,NA,NA
1065,"新北市汐止區大同路一段276之2號",NA,NA,NA
1066,"嘉義縣民雄鄉福樂村中山路18號",NA,NA,NA
1067,"高雄市大寮區大發工業區興業路二號",NA,NA,NA
1068,"新北市八里區博物館路81號",NA,NA,NA
1069,"新北市五股區五權六路23號",NA,NA,NA
1070,"新北市中和區建康路168號",NA,NA,NA
1071,"台中市西屯區協和里工業區五路十三號",NA,NA,NA
1072,"台南市柳營區工一路15號",NA,NA,NA
1073,"彰化縣埔鹽鄉南新村好金路47號",NA,NA,NA
1074,"彰化縣芳苑鄉後寮村工區路28號",NA,NA,NA
1075,"台北市內湖區新湖一路93號",NA,NA,NA
1076,"台北市民生東路三段129號",NA,NA,NA
1077,"台南市安平區慶平路573號",NA,NA,NA
1078,"新竹縣湖口鄉德興路231號",NA,NA,NA
1079,"桃園市蘆竹區長興路三段277巷33號",NA,NA,NA
1080,"台南市南部科學園區新市區大利一路3號",NA,NA,NA
1081,"台北市中山區松江路111號",NA,NA,NA
1082,"台南市山上區南洲里南洲41號",NA,NA,NA
1083,"台北市中山區中山北路三段58號",NA,NA,NA
1084,"桃園市龜山區大華里頂湖26號",NA,NA,NA
1085,"台北市信義區松智路1號",NA,NA,NA
1086,"高雄巿前金區中正四路170號",NA,NA,NA
1087,"台南市關廟區中山路二段249號",NA,NA,NA
1088,"台北市敦化北路170號",NA,NA,NA
1089,"桃園市328觀音區樹林里國建一路2號",NA,NA,NA
1090,"台北市中山區松江路266號",NA,NA,NA
1091,"雲林縣斗六市雲林路三段369號",NA,NA,NA
1092,"台北市中正區仁愛路二段九十一巷一號",NA,NA,NA
1093,"台南市仁德區中正路三段231號",NA,NA,NA
1094,"台北市忠孝東路一段85號",NA,NA,NA
1095,"台南市新忠路11號",NA,NA,NA
1096,"北市中正區襄陽路二十三號",NA,NA,NA
1097,"台北市延平北路四段100號",NA,NA,NA
1098,"桃園市平鎮區金陵路二段402號",NA,NA,NA
1099,"台北市敦化南路2段99號",NA,NA,NA
1100,"台北市南京東路二段二O六號",NA,NA,NA
1101,"台北市復興北路101號",NA,NA,NA
1102,"台北市敦化南路二段77號",NA,NA,NA
1103,"臺中市大肚區南榮路101號",NA,NA,NA
1104,"台北市忠孝東路四段320號",NA,NA,NA
1105,"高雄市仁武區竹後里竹工二巷1號",NA,NA,NA
1106,"高雄市三民區建工路578號",NA,NA,NA
1107,"高雄市大社區經建路8號",NA,NA,NA
1108,"台南市新營區土庫里土庫6號",NA,NA,NA
1109,"台中市大里區仁美路139號",NA,NA,NA
1110,"台北市南京東路二段88號",NA,NA,NA
1111,"高雄市前鎮區成功二路88號",NA,NA,NA
1112,"桃園市桃園區中正路1071號",NA,NA,NA
1113,"台北市民生東路四段五十四號",NA,NA,NA
1114,"高雄市小港區沿海三路26號",NA,NA,NA
1115,"桃園市觀音區樹林里工業五路15號",NA,NA,NA
1116,"台北市承德路三段230號",NA,NA,NA
1117,"台北市復興北路167號",NA,NA,NA
1118,"新竹縣湖口鄉勝利村實踐路19號",NA,NA,NA
1119,"新竹科學園區新竹巿力行五路七號",NA,NA,NA
1120,"宜蘭縣冬山鄉中山村中山路八十四號",NA,NA,NA
1121,"南投市南崗工業區工業南二路七號",NA,NA,NA
1122,"台中市大雅區東大路二段999號",NA,NA,NA
1123,"台南市南區健康路一段297號",NA,NA,NA
1124,"嘉義縣民雄工業區中正路一號",NA,NA,NA
1125,"台南市新化區中山路1001號",NA,NA,NA
1126,"台北市南港區園區街3號",NA,NA,NA
1127,"新北市樹林區東興街一號",NA,NA,NA
1128,"高雄市永安區永工一路5號",NA,NA,NA
1129,"新竹縣湖口鄉鳳凰村光復路71號",NA,NA,NA
1130,"台南市新營區開元路168號",NA,NA,NA
1131,"新北市中和區建一路186號",NA,NA,NA
1132,"桃園市龜山區科技一路88號",NA,NA,NA
1133,"台北市內湖區新湖一路36巷28號",NA,NA,NA
1134,"台南市安南區工業三路1號",NA,NA,NA
1135,"高雄市前鎮區高雄加工出口區南六路9號",NA,NA,NA
1136,"新北市三重區重新路5段609巷2號",NA,NA,NA
1137,"南部科學工業園區台南市善化區南科八路一號",NA,NA,NA
1138,"臺北市信義區松仁路277號",NA,NA,NA
1139,"台南市新營區新工路33號",NA,NA,NA
1140,"新竹科學工業園區新竹市東區研發二路10號",NA,NA,NA
1141,"台北市松山區南京東路三段261號",NA,NA,NA
1142,"台北市內湖區新湖一路218號",NA,NA,NA
1143,"苗栗縣竹南鎮大埔里竹篙厝200號",NA,NA,NA
1144,"台北市中山區樂群二路267號",NA,NA,NA
1145,"新竹縣竹東鎮中興路四段一三六號",NA,NA,NA
1146,"台北市內湖區行善路398號",NA,NA,NA
1147,"桃園市大園區南港里11鄰長發路406號",NA,NA,NA
1148,"雲林縣斗六市榴南里斗工十六路8號",NA,NA,NA
1149,"新北市三重區興德路111號",NA,NA,NA
1150,"台南市新營區南紙街94號",NA,NA,NA
1151,"台北市士林區福德路31號",NA,NA,NA
1152,"板橋區民生路一段一號",NA,NA,NA
1153,"臺北市重慶南路二段51號",NA,NA,NA
1154,"雲林縣斗六市十三北路25號",NA,NA,NA
1155,"台北市重慶南路二段51號",NA,NA,NA
1156,"彰化縣二林鎮廣興里廣興巷1號",NA,NA,NA
1157,"高市小港區中鋼路1號",NA,NA,NA
1158,"台北市長安東路一段九號",NA,NA,NA
1159,"高雄市岡山區白米里寶米路369號",NA,NA,NA
1160,"高雄市中華一路318號",NA,NA,NA
1161,"高雄巿前金區中正四路170號",NA,NA,NA
1162,"台北市復興北路502號",NA,NA,NA
1163,"高雄市岡山區大寶街100號(總部地址:高雄市岡山區新樂街169號",NA,NA,NA
1164,"高雄市燕巢區中興路500號",NA,NA,NA
1165,"高雄市橋頭區芋寮路317號",NA,NA,NA
1166,"台中市后里區甲后路一段998號",NA,NA,NA
1167,"台南市南區新建路47號",NA,NA,NA
1168,"台北市中山區民權東路3段二之1號",NA,NA,NA
1169,"高雄市岡山區新樂街79號",NA,NA,NA
1170,"高雄市橋頭區芋寮路369號",NA,NA,NA
1171,"桃園市新屋區中興路480號",NA,NA,NA
1172,"台南市麻豆區小埤里工業路222號",NA,NA,NA
1173,"台南市仁德區新田二街125號",NA,NA,NA
1174,"台南市官田區南部里南部123號",NA,NA,NA
1175,"高雄市小港區中林路11號",NA,NA,NA
1176,"雲林縣斗六市工業區工業路122號",NA,NA,NA
1177,"新北市三重區重新路4段97號",NA,NA,NA
1178,"新北市新莊區大安路8號",NA,NA,NA
1179,"台南市永康區鹽行里中正北路三一七巷十六號",NA,NA,NA
1180,"彰化縣溪州鄉舊眉村中山路四段二七0號",NA,NA,NA
1181,"高雄市小港區沿海二路四號",NA,NA,NA
1182,"高雄市小港區沿海二路12號",NA,NA,NA
1183,"台中市南屯區文山里精科路7號",NA,NA,NA
1184,"高雄市路竹區順安路275巷136號",NA,NA,NA
1185,"高雄市苓雅區新光路38號",NA,NA,NA
1186,"台中市市政路386號",NA,NA,NA
1187,"高雄市岡山區本洲里本工一路一號",NA,NA,NA
1188,"彰化縣鹿港鎮鹿工路24號",NA,NA,NA
1189,"高雄市橋頭區頂鹽里復興西路810號",NA,NA,NA
1190,"高雄市大寮區(831)大發工業區華西路20號",NA,NA,NA
1191,"嘉義縣民雄鄉民雄工業區成功二街21號",NA,NA,NA
1192,"高雄市前金區中正四路235號",NA,NA,NA
1193,"高雄市湖內區忠孝街110巷58號",NA,NA,NA
1194,"台北市大安區仁愛路三段136號",NA,NA,NA
1195,"桃園市中壢區中華路二段369號",NA,NA,NA
1196,"高雄市大社區興工路2號",NA,NA,NA
1197,"台北市中山北路二段113號",NA,NA,NA
1198,"彰化縣大村鄉黃厝村美港路215號",NA,NA,NA
1199,"彰化縣員林市中山路一段一四六號",NA,NA,NA
1200,"臺北市漢口街一段82號",NA,NA,NA
1201,"高雄市林園區工業一路九號",NA,NA,NA
1202,"彰化縣大村鄉村上村中山路二段300號",NA,NA,NA
1203,"南投市南崗工業區南崗三路294號",NA,NA,NA
1204,"苗栗縣三義鄉西湖村伯公坑39號",NA,NA,NA
1205,"台北市敦化南路二段二號",NA,NA,NA
1206,"新竹縣湖口鄉鳳山村中華路3號",NA,NA,NA
1207,"台北市中山區松江路121號",NA,NA,NA
1208,"高雄市小港區中鋼路3號",NA,NA,NA
1209,"台中市大甲區幼獅路69號",NA,NA,NA
1210,"苗栗縣三義鄉西湖村伯公坑三十九號",NA,NA,NA
1211,"新北市汐止區新台五路一段98號",NA,NA,NA
1212,"台南市官田區二鎮里實踐街10號",NA,NA,NA
1213,"彰化縣福興鄉番婆村彰鹿路六段546巷6號",NA,NA,NA
1214,"台中市梧棲區經二路59號",NA,NA,NA
1215,"桃園市龜山區大華里頂湖路24號",NA,NA,NA
1216,"台北市中山區南京東路二段137號",NA,NA,NA
1217,"彰化縣彰化市中山路二段349號",NA,NA,NA
1218,"新北市林口區文化一路一段86號",NA,NA,NA
1219,"台北市內湖區瑞光路392號",NA,NA,NA
1220,"新北市土城區中山路71號",NA,NA,NA
1221,"新竹科學園區新竹市力行二路三號",NA,NA,NA
1222,"新竹市科學工業園區工業東三路六號",NA,NA,NA
1223,"台北市內湖區瑞光路186號",NA,NA,NA
1224,"臺北市南京東路五段99號",NA,NA,NA
1225,"桃園市蘆竹區新莊里大新路814巷91號",NA,NA,NA
1226,"新竹市科學園區創新二路一號",NA,NA,NA
1227,"高雄市楠梓加工出口區開發路37號",NA,NA,NA
1228,"新北市土城區自由街2號",NA,NA,NA
1229,"新竹市科學園區研發二路23號",NA,NA,NA
1230,"台北市中山區民權西路53號",NA,NA,NA
1231,"台北市內湖區瑞光路581號及581之1號",NA,NA,NA
1232,"新北市新店區寶橋路233號",NA,NA,NA
1233,"新北市新店區安興路97號",NA,NA,NA
1234,"高雄市楠梓加工出口區中三街9號",NA,NA,NA
1235,"新竹科學園區力行六路8號",NA,NA,NA
1236,"台北市內湖區堤頂大道二段239號",NA,NA,NA
1237,"台北市內湖區新湖三路289號",NA,NA,NA
1238,"新竹科學園區新竹巿力行路16號",NA,NA,NA
1239,"新竹市科學園區創新一路十一號",NA,NA,NA
1240,"新竹科學園區創新一路8號",NA,NA,NA
1241,"新竹市科學工業園區研新一路一號",NA,NA,NA
1242,"台中市大雅區中部科學園區科雅一路8號",NA,NA,NA
1243,"新竹市科學工業園區研新三路一號",NA,NA,NA
1244,"台北市民生東路3段75號",NA,NA,NA
1245,"台北市松山區敦化北路260號",NA,NA,NA
1246,"新竹縣湖口鄉光復北路42號",NA,NA,NA
1247,"彰化市大竹里彰南路二段260號",NA,NA,NA
1248,"桃園市龜山區山鶯路157號",NA,NA,NA
1249,"台北市松山區復興北路369號",NA,NA,NA
1250,"新北市土城區中山路3號",NA,NA,NA
1251,"桃園縣蘆竹鄉內厝村3鄰內厝街46號",NA,NA,NA
1252,"北市後港街六十六號",NA,NA,NA
1253,"台北市北投區立德路15號",NA,NA,NA
1254,"台南市仁德區保安路一段68號",NA,NA,NA
1255,"台北市內湖區行忠路四十二號",NA,NA,NA
1256,"桃園市龜山區華亞一路66號",NA,NA,NA
1257,"新北市三重區興德路129號",NA,NA,NA
1258,"新竹市公道五路二段180號",NA,NA,NA
1259,"臺北市內湖區瑞光路550號",NA,NA,NA
1260,"新北市三重區重新路五段492號",NA,NA,NA
1261,"新北市土城區中山路4巷3號",NA,NA,NA
1262,"桃園市中壢區西園路113號",NA,NA,NA
1263,"台中市潭子區南二路五之一號",NA,NA,NA
1264,"台北市中山北路3段22號",NA,NA,NA
1265,"台北市信義路五段二號",NA,NA,NA
1266,"新北市新莊區中環路三段200號",NA,NA,NA
1267,"新北市汐止區新台五路一段81號",NA,NA,NA
1268,"新北市新店區寶強路六號",NA,NA,NA
1269,"新北市中和區立德街69號",NA,NA,NA
1270,"新竹科學園區創新二路2號",NA,NA,NA
1271,"新竹縣新竹科學工業園區研新一路二十號",NA,NA,NA
1272,"桃園市龜山區文化里文化二路188號",NA,NA,NA
1273,"桃園巿觀音區觀音工業區大同一路18號",NA,NA,NA
1274,"新北市三重區光復路二段69號",NA,NA,NA
1275,"台中市大雅區昌平路四段475號",NA,NA,NA
1276,"新北市新店區中正路535號",NA,NA,NA
1277,"新北市土城區中華路一段50號",NA,NA,NA
1278,"新北市土城區中山路18號",NA,NA,NA
1279,"新北市樹林區中華路6之8號",NA,NA,NA
1280,"台北市內湖區瑞光路26巷20弄1號",NA,NA,NA
1281,"新北市汐止區環河街100號",NA,NA,NA
1282,"新北市新店區民權路108號",NA,NA,NA
1283,"新竹縣科學工業園區創新一路十九號",NA,NA,NA
1284,"桃園市龜山區華亞二路268號",NA,NA,NA
1285,"台北縣新店市寶高路7巷3號",NA,NA,NA
1286,"台北市內湖區瑞光路76巷30號",NA,NA,NA
1287,"新竹縣湖口鄉工業一路3號",NA,NA,NA
1288,"新北市泰山區大科里南林路98號",NA,NA,NA
1289,"新竹市科學園區力行二路一號",NA,NA,NA
1290,"台北市信義路一段二十一之三號",NA,NA,NA
1291,"台中市工業區27路3號",NA,NA,NA
1292,"台北市內湖區新湖二路236號",NA,NA,NA
1293,"台北市中正區忠孝西路一段4號",NA,NA,NA
1294,"新北市中和區建一路135號",NA,NA,NA
1295,"新竹科學工業園區新竹市力行一路1號",NA,NA,NA
1296,"新北市新店區民權路50號",NA,NA,NA
1297,"高雄市前鎮區新衙路296巷30號",NA,NA,NA
1298,"新北市土城區中興路7之1號",NA,NA,NA
1299,"台北市松山區八德路三段32號",NA,NA,NA
1300,"新北市新店區民權路48號",NA,NA,NA
1301,"新竹科學園區苗栗縣竹南鎮科中路15號",NA,NA,NA
1302,"北市信義路五段150巷2號",NA,NA,NA
1303,"高雄市三民區民族一路373巷21號",NA,NA,NA
1304,"桃園市中壢區中壢工業區自強四路九號",NA,NA,NA
1305,"台北市內湖區堤頂大道一段331號",NA,NA,NA
1306,"台北市內湖區南京東路六段501號",NA,NA,NA
1307,"臺北市信義區信義路5段2號",NA,NA,NA
1308,"台南市新市區中山路76號",NA,NA,NA
1309,"新竹縣科學工業園區工業東九路24號",NA,NA,NA
1310,"桃園市龜山區舊路里東舊路街118巷11號",NA,NA,NA
1311,"台中市南屯區寶山里工業區23路22號",NA,NA,NA
1312,"新竹縣芎林鄉五龍村五和街226號",NA,NA,NA
1313,"苗栗縣竹南鎮公義路136號",NA,NA,NA
1314,"台北市114內湖區陽光街300號",NA,NA,NA
1315,"新竹縣湖口鄉民生街336號",NA,NA,NA
1316,"新竹市科學園區研發二路21號",NA,NA,NA
1317,"新竹科學園區新竹市力行路21號",NA,NA,NA
1318,"新竹市公道五路二段81號",NA,NA,NA
1319,"新北市新店區中正路531號",NA,NA,NA
1320,"台北市內湖區行忠路70號",NA,NA,NA
1321,"台北市峨眉街115號",NA,NA,NA
1322,"新竹科學工業園區新竹市篤行一路1號",NA,NA,NA
1323,"桃園市平鎮區工業一路16號",NA,NA,NA
1324,"新竹縣湖口鄉德興路301巷29號",NA,NA,NA
1325,"桃園市龜山區復興三路568號",NA,NA,NA
1326,"新竹科學工業園區新竹縣創新一路十二號",NA,NA,NA
1327,"臺北市內湖路1段120巷8號",NA,NA,NA
1328,"高雄市路竹區大同路513巷138號",NA,NA,NA
1329,"新竹市科學工業園區力行六路一號",NA,NA,NA
1330,"新北市深坑區北深路三段272號",NA,NA,NA
1331,"新竹市科學工業園區研發二路3號",NA,NA,NA
1332,"新北市中和區建一路166號",NA,NA,NA
1333,"新北市中和區建八路2號",NA,NA,NA
1334,"新北市林口區工二工業區工八路2號",NA,NA,NA
1335,"台北市內湖區行愛路78巷25號",NA,NA,NA
1336,"台北市中山北路2段111號",NA,NA,NA
1337,"台中市大里區國光路一段147號",NA,NA,NA
1338,"台南市永康區仁愛街398號",NA,NA,NA
1339,"桃園市新屋區九斗里8鄰九洲路1號",NA,NA,NA
1340,"桃園市桃園區幸福路99號",NA,NA,NA
1341,"桃園市蘆竹區山鼻里3鄰南山路二段470巷26號",NA,NA,NA
1342,"新竹市東大路二段83號",NA,NA,NA
1343,"高雄市岡山區岡山北路24號",NA,NA,NA
1344,"新北市土城區自強街15巷1號",NA,NA,NA
1345,"台中市南屯區工業區25路20號",NA,NA,NA
1346,"台中市潭子區中山路三段111巷1號",NA,NA,NA
1347,"新北市中和區員山路512號",NA,NA,NA
1348,"新北市新莊區五工五路17號",NA,NA,NA
1349,"台南市仁德區中正路三段256號",NA,NA,NA
1350,"新北市中和區連城路268號",NA,NA,NA
1351,"新北市新店區中正路54巷6號",NA,NA,NA
1352,"台北市松智路1號",NA,NA,NA
1353,"台北市信義區松德路171號",NA,NA,NA
1354,"新北市中和區中山路三段102號",NA,NA,NA
1355,"新竹科學園區苗栗縣竹南鎮科中路11號",NA,NA,NA
1356,"彰化縣伸港鄉溪底村工東一路37號",NA,NA,NA
1357,"桃園市桃園區興華路23號",NA,NA,NA
1358,"新北市三重區光復路一段88號",NA,NA,NA
1359,"台北市敦化南路二段218號",NA,NA,NA
1360,"台北市內湖區新湖一路8號",NA,NA,NA
1361,"台北市忠孝東路4段555號",NA,NA,NA
1362,"台北市忠孝東路四段二八五號",NA,NA,NA
1363,"台北市內湖區新湖二路329號",NA,NA,NA
1364,"臺南市東區中華東路1段398號",NA,NA,NA
1365,"台北市中正區忠孝西路一段50號",NA,NA,NA
1366,"北市松山區東興路12號",NA,NA,NA
1367,"臺北市八德路四段760號",NA,NA,NA
1368,"台北市大安區和平東路三段131號",NA,NA,NA
1369,"高雄市左營區博愛二路150號",NA,NA,NA
1370,"台北市基隆路一段420號",NA,NA,NA
1371,"桃園市桃園區文中路747號",NA,NA,NA
1372,"台北市內湖區成功路五段460號",NA,NA,NA
1373,"台北市民生東路三段156號",NA,NA,NA
1374,"台北市大安區敦化南路二段92號",NA,NA,NA
1375,"台北市大安區敦化南路二段71號",NA,NA,NA
1376,"台北市信義區忠孝東路五段68號",NA,NA,NA
1377,"台北市中正區衡陽路五十一號",NA,NA,NA
1378,"台中市西區臺灣大道二段239號",NA,NA,NA
1379,"台北市大安區忠孝東路四段166號",NA,NA,NA
1380,"台北市中山區樂群二路267號",NA,NA,NA
1381,"台北市中正區重慶南路3段180號",NA,NA,NA
1382,"台北市博愛路38號",NA,NA,NA
1383,"台北市和平東路三段131號",NA,NA,NA
1384,"台北市大同區市民大道一段209號",NA,NA,NA
1385,"台北市信義路四段456號",NA,NA,NA
1386,"台北市市民大道五段69號",NA,NA,NA
1387,"台北市中山區八德路二段308號",NA,NA,NA
1388,"台北市復興南路二段237號",NA,NA,NA
1389,"台北市中山區民生東路二段166號",NA,NA,NA
1390,"台北市大安區復興南路一段368號",NA,NA,NA
1391,"台北市敦化南路二段207號",NA,NA,NA
1392,"桃園市桃園區經國路899號",NA,NA,NA
1393,"台北市中正區新生南路一段50號",NA,NA,NA
1394,"基隆市七堵區明德一路271號",NA,NA,NA
1395,"桃園市大園區航站南路一號",NA,NA,NA
1396,"台北市中山區建國北路二段33號",NA,NA,NA
1397,"台北市濟南路一段15號",NA,NA,NA
1398,"新北市汐止區大同路三段二七五號",NA,NA,NA
1399,"台北市復興南路一段368號",NA,NA,NA
1400,"台北市松江路136號",NA,NA,NA
1401,"新北市板橋區民生路一段1號",NA,NA,NA
1402,"台北市濟南路二段29號",NA,NA,NA
1403,"桃園市蘆竹區新南路一段376號",NA,NA,NA
1404,"台南市仁德區仁愛里機場路1050號",NA,NA,NA
1405,"台北市南港區經貿二路66號",NA,NA,NA
1406,"台中市西屯區漢翔路1號",NA,NA,NA
1407,"台北市信義區忠孝東路四段563號",NA,NA,NA
1408,"台北市中山區長安東路二段162號",NA,NA,NA
1409,"高雄市苓雅區海邊路31號",NA,NA,NA
1410,"新北市中和區圓通路288號",NA,NA,NA
1411,"台北市內湖區瑞光路34號",NA,NA,NA
1412,"台北市峨嵋街52號",NA,NA,NA
1413,"高雄市前金區六合二路279號",NA,NA,NA
1414,"台北市中山北路二段63號",NA,NA,NA
1415,"新竹縣關西鎮仁安里拱子溝六十號",NA,NA,NA
1416,"台北市南京東路二段六十三號",NA,NA,NA
1417,"台北市中山北路2段39巷3號",NA,NA,NA
1418,"花蓮縣壽豐鄉鹽寮村山嶺18號",NA,NA,NA
1419,"桃園市桃園區大興路269號",NA,NA,NA
1420,"台北市內湖區堤頂大道一段333號",NA,NA,NA
1421,"屏東縣恆春鎮省北路40巷2弄15號",NA,NA,NA
1422,"台中市南屯區工業23路35號",NA,NA,NA
1423,"台北市中山區南京東路三段131號",NA,NA,NA
1424,"上海市普陀區交通路4711號",NA,NA,NA
1425,"臺中市西區臺灣大道二段218號",NA,NA,NA
1426,"新北市中和區建一路176號",NA,NA,NA
1427,"台北市內湖區石潭路151號",NA,NA,NA
1428,"新竹縣竹北市高鐵九路98號",NA,NA,NA
1429,"台北市中正區衡陽路51號",NA,NA,NA
1430,"台東縣卑南鄉溫泉村龍泉路30號",NA,NA,NA
1431,"台北市中正區忠孝東路一段12號",NA,NA,NA
1432,"台北市中正區衡陽路51號",NA,NA,NA
1433,"台北市中山區南京東路二段85號",NA,NA,NA
1434,"高雄市三民區博愛一路28號",NA,NA,NA
1435,"新北市新莊區五工路66號",NA,NA,NA
1436,"台北市中山區民權東路二段42號",NA,NA,NA
1437,"臺中市自由路二段三八號",NA,NA,NA
1438,"台南市西門路一段506號",NA,NA,NA
1439,"台中市民權路87號",NA,NA,NA
1440,"台北巿大安區忠孝東路四段219號",NA,NA,NA
1441,"台北市內湖區堤頂大道二段99號",NA,NA,NA
1442,"台北市敦化北路122號",NA,NA,NA
1443,"臺北市館前路49號",NA,NA,NA
1444,"台北市塔城街三十號",NA,NA,NA
1445,"高雄市左營區博愛二路168號",NA,NA,NA
1446,"台北市松山區民生東路三段109號",NA,NA,NA
1447,"台北市衡陽路51號",NA,NA,NA
1448,"台北市敦化南路二段207號",NA,NA,NA
1449,"臺北市信義區信義路五段7號",NA,NA,NA
1450,"台北市建國北路二段十三號",NA,NA,NA
1451,"台北市南京東路二段53號",NA,NA,NA
1452,"台北市中正區忠孝東路一段五十四號",NA,NA,NA
1453,"台北市東興路8號",NA,NA,NA
1454,"臺北市信義路五段150巷2號",NA,NA,NA
1455,"台北市信義區松仁路123號",NA,NA,NA
1456,"台北市建國南路一段237號",NA,NA,NA
1457,"台北市仁愛路四段296號",NA,NA,NA
1458,"台北市南京東路五段125號",NA,NA,NA
1459,"台北市松山區民生東路3段117號14樓及115號",NA,NA,NA
1460,"台北市松山區敦化南路1段66號",NA,NA,NA
1461,"台北市忠孝東路二段123號",NA,NA,NA
1462,"台北市大安區仁愛路4段118號",NA,NA,NA
1463,"台北市中正區忠孝西路一段66號",NA,NA,NA
1464,"台北市南京東路二段167號",NA,NA,NA
1465,"台北市中山區八德路二段306號",NA,NA,NA
1466,"臺北市南港區經貿二路168號",NA,NA,NA
1467,"台北市重慶南路一段30號",NA,NA,NA
1468,"台北市內湖區堤頂大道二段九十九號",NA,NA,NA
1469,"台北市林森北路247號",NA,NA,NA
1470,"新北市板橋區新站路16號",NA,NA,NA
1471,"台北市民生東路三段一三一號",NA,NA,NA
1472,"台北市建國北路二段145號",NA,NA,NA
1473,"台北市105敦化北路201號",NA,NA,NA
1474,"台北市內湖區新湖三路23號",NA,NA,NA
1475,"台北市大安區忠孝東路四段197號",NA,NA,NA
1476,"台北市內湖區陽光街321巷60號",NA,NA,NA
1477,"台北市東興路65號",NA,NA,NA
1478,"台北市南港區115南港軟體工業園區F棟園區街3號",NA,NA,NA
1479,"台北市八德路二段三0八號",NA,NA,NA
1480,"新北市五股區五權六路十八號",NA,NA,NA
1481,"新北市汐止區康寧街751巷1號",NA,NA,NA
1482,"台北市南港區南港路三段50巷1號",NA,NA,NA
1483,"台北市信義區松德路204號",NA,NA,NA
1484,"台北市松山區南京東路三段337號",NA,NA,NA
1485,"台北市內湖區新湖一路97號",NA,NA,NA
1486,"臺中市北屯區北屯路360號",NA,NA,NA
1487,"高雄市苓雅區中正一路263號",NA,NA,NA
1488,"新北市永和區永和路二段59號",NA,NA,NA
1489,"台北市內湖區內湖路一段88號",NA,NA,NA
1490,"彰化縣線西鄉彰濱東三路8號",NA,NA,NA
1491,"桃園市平鎮區太平東路5號",NA,NA,NA
1492,"新竹科學園區新竹縣研發二路1號",NA,NA,NA
1493,"新竹科學園區新竹市工業東四路23號",NA,NA,NA
1494,"台中市南屯區精科路11號",NA,NA,NA
1495,"高雄市前金區中正四路235號",NA,NA,NA
1496,"新北市新店區寶興路53號",NA,NA,NA
1497,"台北市內湖區民權東路六段27號",NA,NA,NA
1498,"新竹縣新竹科學園區創新一路13號",NA,NA,NA
1499,"桃園市桃園區建國東路22號",NA,NA,NA
1500,"新竹市科學工業園區篤行一路10號",NA,NA,NA
1501,"高雄市前鎮區新生路248之27號",NA,NA,NA
1502,"新北市中和區橋和路122號",NA,NA,NA
1503,"台中市潭子區台中加工出口區南二路22號",NA,NA,NA
1504,"台北市東興路59號",NA,NA,NA
1505,"新北市汐止區中興路29號",NA,NA,NA
1506,"苗栗市國華路582號",NA,NA,NA
1507,"桃園市中壢區中園路198號",NA,NA,NA
1508,"新竹科學工業園區新安路八號",NA,NA,NA
1509,"台北市內湖區環山路二段六十二號",NA,NA,NA
1510,"新北市新店區中興路2段192號",NA,NA,NA
1511,"台北市內湖區新湖二路250巷8號",NA,NA,NA
1512,"台北市內湖區內湖路一段360巷8號",NA,NA,NA
1513,"台北市士林區德行西路45號",NA,NA,NA
1514,"新北市板橋區和平路19~25號",NA,NA,NA
1515,"台南市安南區安和路二段54巷225號",NA,NA,NA
1516,"台北市內湖區內湖路一段308號",NA,NA,NA
1517,"新竹科學園區創新一路13號",NA,NA,NA
1518,"新竹科學工業園區力行三路5號",NA,NA,NA
1519,"新北市中和區中正路738號",NA,NA,NA
1520,"桃園市龜山區山鶯路179號",NA,NA,NA
1521,"高雄市高雄加工出口區中一路5號",NA,NA,NA
1522,"新北市板橋區文化路二段287號",NA,NA,NA
1523,"台北市內湖區內湖路一段246號",NA,NA,NA
1524,"台北市北投區中央南路二段十六號",NA,NA,NA
1525,"新北市中和區連城路246號",NA,NA,NA
1526,"桃園縣平鎮市平鎮工業區工業五路21號",NA,NA,NA
1527,"台北市信義區菸廠路88號",NA,NA,NA
1528,"臺北市松山區民福里復興北路369號",NA,NA,NA
1529,"台北市內湖區新湖一路278號",NA,NA,NA
1530,"台北市內湖區基湖路10巷50號",NA,NA,NA
1531,"南部科學園區台南市善化區北園一路7號",NA,NA,NA
1532,"桃園市龜山區華亞二路222號",NA,NA,NA
1533,"桃園市平鎮區平東路659巷37號",NA,NA,NA
1534,"新北市中和區新民街112號",NA,NA,NA
1535,"新北市中和區連城路258號",NA,NA,NA
1536,"新竹市水源街95號",NA,NA,NA
1537,"新竹縣竹北市福興路875號",NA,NA,NA
1538,"新竹科學園區工業東四路二十一號",NA,NA,NA
1539,"新北市新店區寶橋路235巷138號",NA,NA,NA
1540,"新竹市科學工業園區力行路12號",NA,NA,NA
1541,"桃園市龜山區萬壽路1段492號",NA,NA,NA
1542,"新竹科學園區新竹縣寶山鄉園區三路99號",NA,NA,NA
1543,"新北市三重區興德路111號",NA,NA,NA
1544,"新北市汐止區新台五路一段97號",NA,NA,NA
1545,"台北市東興路59號",NA,NA,NA
1546,"屏東市橋南里工業六路東段六號",NA,NA,NA
1547,"台北市中山區敬業一路97號",NA,NA,NA
1548,"桃園市蘆竹區南崁路二段222號",NA,NA,NA
1549,"台南市善化區南科九路12號",NA,NA,NA
1550,"台北市南港區南港路三段四十七巷二號",NA,NA,NA
1551,"台北市大同區鄭州路87號",NA,NA,NA
1552,"台北市內湖區堤頂大道二段407巷22號",NA,NA,NA
1553,"新北市汐止區南興路55號",NA,NA,NA
1554,"台北市內湖區內湖路一段118號",NA,NA,NA
1555,"新北市新店區中正路四維巷一弄四號",NA,NA,NA
1556,"台北市內湖區行愛路169號",NA,NA,NA
1557,"桃園市蘆竹區南崁路2段66號",NA,NA,NA
1558,"新竹科學園區力行六路6號",NA,NA,NA
1559,"新北市中和區建二路111號",NA,NA,NA
1560,"桃園市龜山區華亞科技園區科技七路69號",NA,NA,NA
1561,"台北市松山區敦化南路一段25號",NA,NA,NA
1562,"台北市士林區承德路四段172號",NA,NA,NA
1563,"新北市汐止區康寧街169巷80號",NA,NA,NA
1564,"新竹縣竹北市台元一街8號",NA,NA,NA
1565,"桃園市八德區長興路六七三號",NA,NA,NA
1566,"新北市新店區寶中路119號",NA,NA,NA
1567,"新竹市香山區中華路六段89號",NA,NA,NA
1568,"台北市內湖區瑞光路618號",NA,NA,NA
1569,"高雄市路竹區路科二路8號",NA,NA,NA
1570,"高雄市左營區民族一路1163號",NA,NA,NA
1571,"苗栗縣銅鑼鄉中興工業區中興路99號",NA,NA,NA
1572,"新竹縣湖口鄉新竹工業區自強路16號",NA,NA,NA
1573,"桃園市新屋區社子里二鄰中興路936號",NA,NA,NA
1574,"新竹科學園區工業東九路30號",NA,NA,NA
1575,"台南科學工業園區台南市善化區南科七路八號",NA,NA,NA
1576,"桃園市八德區友聯街49號",NA,NA,NA
1577,"新竹科學園區新竹市新安路8號",NA,NA,NA
1578,"臺北市內湖區行善路397號",NA,NA,NA
1579,"台北市南港區園區街3號",NA,NA,NA
1580,"高雄市仁武區五和里八德二路168號",NA,NA,NA
1581,"高雄市鼓山區明誠四路33號",NA,NA,NA
1582,"桃園市新屋區中華路1245號",NA,NA,NA
1583,"台北市中正區中華路一段7號",NA,NA,NA
1584,"台北市南港區南港路3段50巷16號",NA,NA,NA
1585,"台北市南港區園區街3號",NA,NA,NA
1586,"新北市淡水區中正東路二段69號",NA,NA,NA
1587,"新北市土城區忠承路95號",NA,NA,NA
1588,"台北市內湖區瑞光路360號",NA,NA,NA
1589,"桃園市龜山區文禾路188號",NA,NA,NA
1590,"新北市深坑區北深路三段250號",NA,NA,NA
1591,"新竹市牛埔南路15之3號",NA,NA,NA
1592,"台北市南港區園區街3號",NA,NA,NA
1593,"台北市松山區南京東路五段188號",NA,NA,NA
1594,"桃園市平鎮區工業二路三號",NA,NA,NA
1595,"新北市汐止區新台五路一段75號",NA,NA,NA
1596,"台南市新化區全興里竹子腳170號",NA,NA,NA
1597,"新竹科學園區新竹縣創新一路五號",NA,NA,NA
1598,"新竹市科學工業園區力行路2之1號",NA,NA,NA
1599,"新北市新莊區瓊林南路305巷2號",NA,NA,NA
1600,"桃園市蘆竹區南崁里17鄰經國路890號",NA,NA,NA
1601,"新竹科學園區新竹市新安路5號",NA,NA,NA
1602,"新北市汐止區新台五路一段93號",NA,NA,NA
1603,"新竹科學工業園區新竹市展業一路21號",NA,NA,NA
1604,"桃園市楊梅區水美里楊湖路一段422號",NA,NA,NA
1605,"臺中市西區民龍里大和路22號",NA,NA,NA
1606,"新竹科學工業園區新竹市東區園區二路11號",NA,NA,NA
1607,"新竹縣竹北市台元街22號",NA,NA,NA
1608,"新北市中和區連城路258號",NA,NA,NA
1609,"新竹縣湖口鄉勝利村工業三路3號",NA,NA,NA
1610,"新竹縣芎林鄉華龍村6鄰鹿寮坑176號",NA,NA,NA
1611,"台北市大安區忠孝東路四段289號",NA,NA,NA
1612,"台中市西屯區台灣大道四段925號",NA,NA,NA
1613,"新北市新店區寶橋路235巷131號",NA,NA,NA
1614,"桃園市平鎮區工業二路12號",NA,NA,NA
1615,"高雄市大寮區大發工業區莒光二街20號",NA,NA,NA
1616,"新北市汐止區康寧街169巷31號",NA,NA,NA
1617,"新北市中和區建二路113號",NA,NA,NA
1618,"新竹科學工業園區新竹市展業一路9號",NA,NA,NA
1619,"新竹市埔頂路22號",NA,NA,NA
1620,"台中市西區台灣大道二段307號",NA,NA,NA
1621,"新北市五股區五工路130號",NA,NA,NA
1622,"新北市土城區自強街五號",NA,NA,NA
1623,"新北市中和區中山路二段407號",NA,NA,NA
1624,"新北市汐止區大同路二段171號",NA,NA,NA
1625,"台南市麻豆區麻豆口1號",NA,NA,NA
1626,"桃園縣觀音工業區工業二路12號",NA,NA,NA
1627,"桃園縣龜山鄉文化二路188號",NA,NA,NA
1628,"桃園市龜山區科技一路69號",NA,NA,NA
1629,"桃園市大園區和平西路二段110號",NA,NA,NA
1630,"新北市淡水區奎柔山路73號",NA,NA,NA
1631,"台北市內湖區瑞光路188巷51號",NA,NA,NA
1632,"高雄市岡山區中山北路28號",NA,NA,NA
1633,"新北市汐止區工建路368號",NA,NA,NA
1634,"台中市大甲區青年路123號",NA,NA,NA
1635,"新北市汐止區新台五路一段79號",NA,NA,NA
1636,"桃園市龍潭區工五路128號",NA,NA,NA
1637,"新北市新莊區五權三路6號",NA,NA,NA
1638,"新北市三重區興德路98號",NA,NA,NA
1639,"台北市大安區信義路四段306號",NA,NA,NA
1640,"台北市內湖區瑞光路302號",NA,NA,NA
1641,"南投縣南投市自強三路18號",NA,NA,NA
1642,"新北市中和區民享街4號",NA,NA,NA
1643,"台南市善化區南科九路8號",NA,NA,NA
1644,"台北市內湖區內湖路一段246號",NA,NA,NA
1645,"台北市內湖區洲子街76號",NA,NA,NA
1646,"台中市大雅區科雅路33號",NA,NA,NA
1647,"新竹市科學工業園區展業二路十八號",NA,NA,NA
1648,"高雄市高雄加工出口區南二路一號",NA,NA,NA
1649,"新竹科學園區新竹縣工業東九路三號",NA,NA,NA
1650,"桃園市中壢區吉林路23號",NA,NA,NA
1651,"新北市樹林區俊英街一七四號",NA,NA,NA
1652,"台北市內湖區瑞光路208號",NA,NA,NA
1653,"新竹科學工業園區新竹市力行七路8號",NA,NA,NA
1654,"南部科學園區台南市善化區環東路二段31號",NA,NA,NA
1655,"台北市大安區市民大道4段102號",NA,NA,NA
1656,"桃園市龜山區南上路522號",NA,NA,NA
1657,"新竹市東華路14號",NA,NA,NA
1658,"台中市大雅區中部科學工業園區科雅東路一號",NA,NA,NA
1659,"新竹科學工業園區苗栗縣竹南鎮科中路16號",NA,NA,NA
1660,"新北市三重區興德路111號",NA,NA,NA
1661,"新竹市公道五路二段326號",NA,NA,NA
1662,"桃園市平鎮區平鎮工業區工業六路4號",NA,NA,NA
1663,"新北市中和區中正路880號",NA,NA,NA
1664,"桃園市蘆竹區大興路20巷21弄11號",NA,NA,NA
1665,"新竹縣湖口鄉新竹工業區工業五路13號",NA,NA,NA
1666,"新竹縣竹北市台元科技園區台元二街1號",NA,NA,NA
1667,"南投縣草屯鎮稻香路6號",NA,NA,NA
1668,"新竹科學工業園區新竹市力行六路十號",NA,NA,NA
1669,"台中市西屯區台灣大道四段767號",NA,NA,NA
1670,"新北市中和區橋安街35號",NA,NA,NA
1671,"新北市中和區連城路192號",NA,NA,NA
1672,"新北市中和區連城路268號",NA,NA,NA
1673,"台北市萬華區長沙街二段91號",NA,NA,NA
1674,"新北市三重區興德路123號",NA,NA,NA
1675,"新北市中和區連城路228號",NA,NA,NA
1676,"新竹科學工業園區苗栗縣竹南鎮科學路160號",NA,NA,NA
1677,"新竹縣竹北市新泰路31號",NA,NA,NA
1678,"桃園市桃園區經國路888號",NA,NA,NA
1679,"桃園市蘆竹區南崁里民權路50號",NA,NA,NA
1680,"新北市土城區中山路77號",NA,NA,NA
1681,"基隆市七堵區工建路1號",NA,NA,NA
1682,"新北市淡水區中正東路二段69號",NA,NA,NA
1683,"新北市新店區北新路三段225號",NA,NA,NA
1684,"桃園市大園區溪海里8鄰聖德北路68號",NA,NA,NA
1685,"新北市中和區建一路186號",NA,NA,NA
1686,"台北市內湖區新湖三路196號",NA,NA,NA
1687,"新竹科學園區新安路7號",NA,NA,NA
1688,"桃園市楊梅區高山里5鄰高青路26號",NA,NA,NA
1689,"桃園市桃園區中正路1351號",NA,NA,NA
1690,"台北市信義區松德路171號",NA,NA,NA
1691,"臺北市北投區中央南路二段37號",NA,NA,NA
1692,"桃園市八德區白鷺里廣福路858號",NA,NA,NA
1693,"桃園市龜山區文化一路86號",NA,NA,NA
1694,"台北巿內湖區瑞光路192號",NA,NA,NA
1695,"新北市中和區建一路186號",NA,NA,NA
1696,"新北市中和區中山路二段351號",NA,NA,NA
1697,"台南市安南區本田路二段391號",NA,NA,NA
1698,"台灣省新北市中和區中山路三段102號",NA,NA,NA
1699,"新竹市埔頂路18號",NA,NA,NA
1700,"新北市汐止區新台五路一段75號",NA,NA,NA
1701,"新竹縣竹北市台元一街5號",NA,NA,NA
1702,"新竹市科學工業園區力行一路10號",NA,NA,NA
1703,"台中市南屯區工業24路22號",NA,NA,NA
1704,"台北市敦化北路201號",NA,NA,NA
1705,"基隆市安樂區武訓街15號",NA,NA,NA
1706,"新竹縣竹北市環北路二段197號",NA,NA,NA
1707,"臺北市內湖區瑞光路66巷46號",NA,NA,NA
1708,"台北市中山區中山北路2段129號",NA,NA,NA
1709,"台北市內湖區堤頂大道二段185號",NA,NA,NA
1710,"新北市中和區建康路130號",NA,NA,NA
1711,"新竹科學工業園區新竹市篤行一路6號",NA,NA,NA
1712,"新北市中和區建八路2號",NA,NA,NA
1713,"新北市新莊區五工五路十三號",NA,NA,NA
1714,"新北市中和區建八路16號",NA,NA,NA
1715,"新竹縣湖口鄉仁政路18號",NA,NA,NA
1716,"桃園市蘆竹區南青路1156巷9號",NA,NA,NA
1717,"新北市中和區連城路258號",NA,NA,NA
1718,"台北市內湖區瑞光路302號",NA,NA,NA
1719,"臺北市大安區信義路4段296號",NA,NA,NA
1720,"桃園市龜山區復興三路500號",NA,NA,NA
1721,"新竹科學園區工業東二路2之3號",NA,NA,NA
1722,"新北市汐止區大同路二段133號",NA,NA,NA
1723,"新竹縣竹北市新泰路35號",NA,NA,NA
1724,"新北市板橋區縣民大道二段68號",NA,NA,NA
1725,"新竹科學工業園區新竹市力行三路7號",NA,NA,NA
1726,"新竹縣湖口鄉光復北路111號",NA,NA,NA
1727,"桃園市蘆竹區長興里厚生路51號",NA,NA,NA
1728,"新竹縣新豐鄉精工路53號",NA,NA,NA
1729,"台北市內湖區瑞光路208號",NA,NA,NA
1730,"新竹縣竹北市台元街26號",NA,NA,NA
1731,"新竹縣竹北市台元二街1號",NA,NA,NA
1732,"新北市中和區中正路800號",NA,NA,NA
1733,"高雄市左營區菜公一路62巷15號",NA,NA,NA
1734,"新北市中和區中正路700號",NA,NA,NA
1735,"新竹市東區光復路二段8號",NA,NA,NA
1736,"台中市南屯區工業區19路10號",NA,NA,NA
1737,"桃園市中壢區東園路13號",NA,NA,NA
1738,"桃園市中壢區中正路1274巷48號",NA,NA,NA
1739,"台中市南屯區精科七路20號",NA,NA,NA
1740,"新北市新店區民權路95號",NA,NA,NA
1741,"新竹縣湖口鄉光復北路10號",NA,NA,NA
1742,"台北市內湖區金莊路26號",NA,NA,NA
1743,"桃園市觀音區觀音工業區經建一路31號",NA,NA,NA
1744,"桃園巿龜山區華亞三路50號",NA,NA,NA
1745,"新竹縣湖口鄉光復北路70號",NA,NA,NA
1746,"新北市新莊區中正路665號",NA,NA,NA
1747,"新北市新店區寶高路7巷3號",NA,NA,NA
1748,"台北市信義區松德路74號",NA,NA,NA
1749,"台中市外埔區甲東路37號",NA,NA,NA
1750,"桃園市龜山區鄉萬壽路一段161號",NA,NA,NA
1751,"臺北市內湖區港墘路200號",NA,NA,NA
1752,"台北市內湖區新湖三路196號",NA,NA,NA
1753,"新竹縣新埔鎮文德路三段127號",NA,NA,NA
1754,"台北市內湖區堤頂大道二段301號",NA,NA,NA
1755,"新北市新店區寶橋路235巷136號",NA,NA,NA
1756,"桃園市龜山區文化里19鄰科技一路40號",NA,NA,NA
1757,"台北市內湖區文湖街12號",NA,NA,NA
1758,"高雄市路竹區路科八路1號",NA,NA,NA
1759,"新北市中和區建一路186號",NA,NA,NA
1760,"新竹科學工業園區新竹市力行六路一號",NA,NA,NA
1761,"新北市土城區大安路157號",NA,NA,NA
1762,"新北市汐止區新台五路一段79號",NA,NA,NA
1763,"台北市內湖區民權東路六段13之18號",NA,NA,NA
1764,"新北市深坑區北深路三段155巷17號",NA,NA,NA
1765,"新北市新莊區化成路11巷36號",NA,NA,NA
1766,"新北市土城區中央路4段2號",NA,NA,NA
1767,"台北市內湖區基湖路32號",NA,NA,NA
1768,"新北市新店區寶橋路233號",NA,NA,NA
1769,"台中市西屯區朝富路213號",NA,NA,NA
1770,"桃園市觀音區大潭里環南路599號",NA,NA,NA
1771,"台北市南港區三重路19號",NA,NA,NA
1772,"桃園市蘆竹區內溪路68巷13號",NA,NA,NA
1773,"新竹縣湖口鄉工業一路3號",NA,NA,NA
1774,"桃園市蘆竹區大興路20巷19弄9號",NA,NA,NA
1775,"新北市新店區寶中路94號",NA,NA,NA
1776,"新竹科學園區新竹市工業東三路三號",NA,NA,NA
1777,"台北市內湖區陽光街300號",NA,NA,NA
1778,"台北市內湖區堤頂大道二段489號",NA,NA,NA
1779,"臺北市大安區敦化南路二段九十五號",NA,NA,NA
1780,"新竹市公道五路2段363號",NA,NA,NA
1781,"台北市松山區民權東路三段181號",NA,NA,NA
1782,"桃園市龜山區文化二路202號",NA,NA,NA
1783,"新竹市東區埔頂路18號",NA,NA,NA
1784,"南投市工業南六路9號",NA,NA,NA
1785,"台北市內湖區堤頂大道2段489號",NA,NA,NA
1786,"新北市新店區寶興路45巷9弄2號",NA,NA,NA
1787,"高雄市楠梓加工出口區經三路26號",NA,NA,NA
1788,"新北市土城區中央路四段49號",NA,NA,NA
1789,"新竹縣竹北市復興二路193號",NA,NA,NA
1790,"台中市大甲區日南里幼獅路59號",NA,NA,NA
1791,"新北市中和區中正路880號",NA,NA,NA
1792,"台北市南港區園區街3號",NA,NA,NA
1793,"新北巿土城區民生街九號",NA,NA,NA
1794,"台北市104中山區長安東路一段23號",NA,NA,NA
1795,"台北市復興北路167號",NA,NA,NA
1796,"高雄市三民區九如一路61號",NA,NA,NA
1797,"新竹縣湖口鄉實踐路3號",NA,NA,NA
1798,"高雄市左營區富國路185號",NA,NA,NA
1799,"台北市內湖區內湖路1段396號",NA,NA,NA
1800,"台北市內湖區洲子街46號",NA,NA,NA
1801,"桃園市蘆竹區濱海里13鄰海湖北路309巷61號",NA,NA,NA
1802,"台北市大安區復興南路一段368號",NA,NA,NA
1803,"北市內湖區港墘路189號",NA,NA,NA
1804,"台北市南港區園區街3之2號",NA,NA,NA
1805,"苗栗縣銅鑼鄉自強路19號",NA,NA,NA
1806,"新北市汐止區大同路一段147號",NA,NA,NA
1807,"台北市南港區園區街3號",NA,NA,NA
1808,"新竹市科學工業園區園區二路57號",NA,NA,NA
1809,"新竹縣湖口鄉新竹工業區工業一路一號",NA,NA,NA
1810,"台中市太平區大里工業區工業19路6號",NA,NA,NA
1811,"台北市內湖區洲子街108號",NA,NA,NA
1812,"台北市信義區松仁路107號",NA,NA,NA
1813,"新北市中和區中正路872號",NA,NA,NA
1814,"台中市潭子區潭興路一段3號",NA,NA,NA
1815,"上海市徐匯區楓林路380號",NA,NA,NA
1816,"台北市內湖區瑞光路607號",NA,NA,NA
1817,"台北市松山區復興北路181號",NA,NA,NA
1818,"台北市南港區園區街3號",NA,NA,NA
1819,"新北市中和區中山路2段351號",NA,NA,NA
1820,"新竹市公道五路二段91號",NA,NA,NA
1821,"中華民國台灣台北市內湖區新明路138號",NA,NA,NA
1822,"台北市內湖區新湖一路36巷28號",NA,NA,NA
1823,"苗栗縣竹南鎮公館里中華南路188號",NA,NA,NA
1824,"台北市民生東路3段10號",NA,NA,NA
1825,"台中市南屯區文山里精科路9號",NA,NA,NA
1826,"台北市中山區長春路366號",NA,NA,NA
1827,"新竹科學工業園區苗栗縣竹南鎮科中路29號",NA,NA,NA
1828,"新北市汐止區新台五路一段97號",NA,NA,NA
1829,"台中市西屯區中部科學園區科園二路19號",NA,NA,NA
1830,"新北市中和區中正路872號",NA,NA,NA
1831,"台北市南港區園區街3號",NA,NA,NA
1832,"桃園市龜山區復興一路94號",NA,NA,NA
1833,"新竹科學園區新竹縣研發三路8號",NA,NA,NA
1834,"台北市復興北路167號",NA,NA,NA
1835,"宜蘭縣冬山鄉中山村中山路84號",NA,NA,NA
1836,"台北市內湖區新湖一路85號",NA,NA,NA
1837,"高雄市大樹區龍目路110號",NA,NA,NA
1838,"桃園市蘆竹區南崁路265號",NA,NA,NA
1839,"台南市學甲區華宗路121號",NA,NA,NA
1840,"台北市內湖區港漧路221巷33號",NA,NA,NA
1841,"台南市麻豆區麻口里麻豆口32號",NA,NA,NA
1842,"臺北市內湖區行善路397號",NA,NA,NA
1843,"新北市板橋區三民路二段31號",NA,NA,NA
1844,"台中市梧棲區四維中路157巷一號",NA,NA,NA
1845,"台北市長安西路289號",NA,NA,NA
1846,"台北市中山區南京東路二段二號",NA,NA,NA
1847,"台北市松山區復興北路57號",NA,NA,NA
1848,"台北市南京東路二段96號",NA,NA,NA
1849,"屏東縣新園鄉港西村興安路12號",NA,NA,NA
1850,"彰化縣北斗鎮拓農路199號",NA,NA,NA
1851,"台北市內湖區瑞光路607號",NA,NA,NA
1852,"雲林縣斗六市斗工十二路5號",NA,NA,NA
1853,"桃園市觀音區樹林里工業六路3號",NA,NA,NA
1854,"彰化縣和美鎮彰美路六段334號",NA,NA,NA
1855,"新北市五股區中興路一段6號",NA,NA,NA
1856,"新北市新莊區五權二路10號",NA,NA,NA
1857,"台北市內湖區瑞光路607號",NA,NA,NA
1858,"臺北市中山區南京東路2段178號",NA,NA,NA
1859,"彰化縣線西鄉彰濱東一路3號",NA,NA,NA
1860,"彰化市延和里埔內街411巷101號",NA,NA,NA
1861,"北市南京東路二段88號",NA,NA,NA
1862,"台中市大雅區科雅路16號",NA,NA,NA
1863,"台中市大雅區龍善二街12號",NA,NA,NA
1864,"台北市復興北路99號",NA,NA,NA
1865,"高雄市路竹區路科三路三號",NA,NA,NA
1866,"高雄市三民區吉林街139巷12號",NA,NA,NA
1867,"台中市西屯區協和里協和南巷3號",NA,NA,NA
1868,"台北市信義區基隆路2段149號",NA,NA,NA
1869,"台北市中山區復興北路58號",NA,NA,NA
1870,"桃園市觀音區成功路二段943號",NA,NA,NA
1871,"桃園市龜山區南上路446號",NA,NA,NA
1872,"苗栗縣頭份市中華路487巷20號",NA,NA,NA
1873,"彰化縣伸港鄉全興工業區工八路3號",NA,NA,NA
1874,"台中市南屯區工業區20路18號",NA,NA,NA
1875,"彰化縣鹿港鎮鹿工南六路23號",NA,NA,NA
1876,"新北市樹林區三多路123號",NA,NA,NA
1877,"高雄市路竹區北嶺二路11號",NA,NA,NA
1878,"桃園市龜山區山鶯路華玉巷3號",NA,NA,NA
1879,"台南市關廟區中山路二段260號",NA,NA,NA
1880,"桃園市觀音工業區國瑞路2號",NA,NA,NA
1881,"新北市土城工業區自強街16號",NA,NA,NA
1882,"台北市內湖區基湖路10巷1號",NA,NA,NA
1883,"新北市汐止區新台五路一段102號",NA,NA,NA
1884,"台北市信義區基隆路二段51號",NA,NA,NA
1885,"台中市中部科學工業園區科雅路29號",NA,NA,NA
1886,"新北市泰山區貴鳳街21號",NA,NA,NA
1887,"雲林縣斗六市科工一路5號",NA,NA,NA
1888,"嘉義市吳鳳北路381號",NA,NA,NA
1889,"桃園市龜山區建國東路89號",NA,NA,NA
1890,"彰化縣線西鄉彰濱工業區彰濱東七路16號",NA,NA,NA
1891,"台南市安南區科技一路50號",NA,NA,NA
1892,"台中市大甲區幼獅工業區工六路3號",NA,NA,NA
1893,"雲林縣虎尾鎮科虎三路18號",NA,NA,NA
1894,"新北市汐止區新台五路一段94號",NA,NA,NA
1895,"新北市中和區建康路6號",NA,NA,NA
1896,"台北市大安區信義路三段106號",NA,NA,NA
1897,"高雄市仁武區八德二路166號",NA,NA,NA
1898,"台中市南屯區春社里精科中路6號",NA,NA,NA
1899,"新北市土城區中山路九號",NA,NA,NA
1900,"台中市大雅區雅潭路三段470號",NA,NA,NA
1901,"桃園市中壢區南園路2號",NA,NA,NA
1902,"台北市大安區敦化南路二段七十六號",NA,NA,NA
1903,"台北市南港區八德路四段778號",NA,NA,NA
1904,"台北市新生南路一段50號",NA,NA,NA
1905,"台北市松江路168號",NA,NA,NA
1906,"臺北市北投區石牌路一段188號",NA,NA,NA
1907,"台南市安定區安加里258之26號",NA,NA,NA
1908,"高雄市仁武區後安里永宏巷10號",NA,NA,NA
1909,"新北市五股區五權六路9號",NA,NA,NA
1910,"桃園市觀音區草漯里大同一路1號",NA,NA,NA
1911,"高雄市永安區維新里永工五路2號",NA,NA,NA
1912,"台北市中山北路二段113號",NA,NA,NA
1913,"苗栗縣竹南鎮科東三路8號",NA,NA,NA
1914,"台南市新市區環東路一段31巷10號",NA,NA,NA
1915,"高雄市路竹區竹南里路科三路7號",NA,NA,NA
1916,"新北市三重區光復路一段78號",NA,NA,NA
1917,"新北市五股區五工二路127號",NA,NA,NA
1918,"台中市南區大慶街二段100號",NA,NA,NA
1919,"新竹縣新竹工業區文化路11號",NA,NA,NA
1920,"新竹市大湖路173號",NA,NA,NA
1921,"台北市大安區信義路四段236號",NA,NA,NA
1922,"台中市大里區仁化里工業九路190號",NA,NA,NA
1923,"桃園市蘆竹區坑口里和平街36號",NA,NA,NA
1924,"新北市三重區三和路四段77號",NA,NA,NA
1925,"桃園市蘆竹區濱海里中圳街176號",NA,NA,NA
1926,"台北市中山北路二段21號",NA,NA,NA
1927,"高雄市大寮區大有3街32號",NA,NA,NA
1928,"台北市信義區光復南路419巷18號",NA,NA,NA
1929,"新北市中和區中正路959號",NA,NA,NA
1930,"台南市西港區南海里南海埔12號",NA,NA,NA
1931,"高雄市路竹區路科三路1號",NA,NA,NA
1932,"台北市內湖區瑞光路258巷31號",NA,NA,NA
1933,"台北市松山區復興北路99號",NA,NA,NA
1934,"台北市內湖區行愛路176號",NA,NA,NA
1935,"新竹市科學園區研新四路12號",NA,NA,NA
1936,"台北市敦化南路二段207號",NA,NA,NA
1937,"台北市內湖區瑞光路108號",NA,NA,NA
1938,"新竹縣湖口鄉新竹工業區中華路15號",NA,NA,NA
1939,"台中市西屯區市政北二路238號",NA,NA,NA
1940,"新竹縣湖口鄉新竹工業區自強路三號",NA,NA,NA
1941,"桃園縣新屋鄉望間村10鄰十五間45號",NA,NA,NA
1942,"台南市安南區科技五路92號",NA,NA,NA
1943,"新北市樹林區味王街1號",NA,NA,NA
1944,"台北市內湖區瑞光路669號",NA,NA,NA
1945,"桃園市中壢區東園路67之1號",NA,NA,NA
1946,"新竹科學園區研新三路4號",NA,NA,NA
1947,"台北市中山區長安東路一段16號",NA,NA,NA
1948,"台北市松山區敦化北路205號",NA,NA,NA
1949,"台北市內湖區堤頂大道一段333號",NA,NA,NA
1950,"高雄市高雄加工出口區西十五街一號",NA,NA,NA
1951,"桃園市大溪區仁善里松樹21號",NA,NA,NA
1952,"桃園市中壢區復興里中壢工業區自強一路5號",NA,NA,NA
1953,"桃園市中壢區民權路三段1149號",NA,NA,NA
1954,"台北市北投區立功街76號",NA,NA,NA
1955,"新竹縣竹北市中華路676巷18號",NA,NA,NA
1956,"桃園市蘆竹區南山路二段205巷45號",NA,NA,NA
1957,"新北市土城區承天路35號",NA,NA,NA
1958,"新竹科學園區苗栗縣竹南鎮科北五路8號",NA,NA,NA
1959,"台北市內湖區瑞光路583巷31號",NA,NA,NA
1960,"新北市新店區寶橋路235巷130之3號",NA,NA,NA
1961,"台北市大安區敦化南路二段76號",NA,NA,NA
1962,"新竹市科學工業園區工業東四路19號",NA,NA,NA
1963,"新北市汐止區新台五路1段93號",NA,NA,NA
1964,"台南市新市區看西路7號",NA,NA,NA
1965,"桃園市大園區三石里三和路28巷6號",NA,NA,NA
1966,"台南市善化區木柵港西路13號",NA,NA,NA
1967,"新竹科學園區新竹市篤行路6號",NA,NA,NA
1968,"新北巿中和區建一路166號",NA,NA,NA
1969,"台北市114內湖區堤頂大道二段407巷20弄1號",NA,NA,NA
1970,"新北市樹林區博愛街236號",NA,NA,NA
1971,"台北市內湖區洲子街106號",NA,NA,NA
1972,"新北市中和區中正路880號",NA,NA,NA
1973,"台中市潭子區台中加工出口區建國路24號",NA,NA,NA
1974,"桃園市中壢區合江路6號",NA,NA,NA
1975,"新北市中和區建康路168號",NA,NA,NA
1976,"台北市松山區八德路四段83號",NA,NA,NA
1977,"台北市信義區市民大道六段288號",NA,NA,NA
1978,"新北市新店區寶橋路235巷137號",NA,NA,NA
1979,"新北市汐止區康寧街169巷27號",NA,NA,NA
1980,"台南市歸仁區南興里中山路三段355號",NA,NA,NA
1981,"台南市新營區新中路35號(總部地址:台南市柳營區工二路10號",NA,NA,NA
1982,"高雄市橋頭區芋林路299號",NA,NA,NA
1983,"台南市722佳里區海澄里萊芊寮12號",NA,NA,NA
1984,"桃園市大園區田心里大觀路178號",NA,NA,NA
1985,"桃園市中壢區松江北路29號",NA,NA,NA
1986,"南投市南崗工業區南崗三路61號",NA,NA,NA
1987,"彰化縣員林市中央里柳橋路2段285號",NA,NA,NA
1988,"台北市松山區光復北路11巷35號",NA,NA,NA
1989,"台北市114內湖區新湖一路128巷15號",NA,NA,NA
1990,"新北市新店區民權路100號",NA,NA,NA
1991,"台北市內湖區內湖路1段396號",NA,NA,NA
1992,"台中市西屯區市政路402號",NA,NA,NA
1993,"台北市中山北路六段89號",NA,NA,NA
1994,"台北市松山區八德路二段358號",NA,NA,NA
1995,"新竹市光復路二段二巷47號",NA,NA,NA
1996,"新竹縣竹北市台元一街8號",NA,NA,NA
1997,"台北市松山區敦化南路一段25號",NA,NA,NA
1998,"新北市中和區連城路168號",NA,NA,NA
1999,"桃園市龜山區華亞二路222號",NA,NA,NA
2000,"新北市新莊區新北大道四段215號",NA,NA,NA
2001,"桃園市桃園區興華路2號",NA,NA,NA
2002,"新北市中和區板南路655號",NA,NA,NA
2003,"臺中市西屯區科園一路15號",NA,NA,NA
2004,"新北市土城區中央路四段2號",NA,NA,NA
2005,"新竹科學工業園區苗栗縣竹南鎮科北二路8號",NA,NA,NA
2006,"新北市中和區中正路700號",NA,NA,NA
2007,"新北市新店區北新路3段207號",NA,NA,NA
2008,"高雄市前鎮區復興四路9號",NA,NA,NA
2009,"台北市北投區立德路120巷11號",NA,NA,NA
2010,"新北市新店區民權路115號",NA,NA,NA
2011,"新竹縣竹北市台元街18號",NA,NA,NA
2012,"新竹市東區公道五路三段1號",NA,NA,NA
2013,"台北市大安區羅斯福路三段37號",NA,NA,NA
2014,"臺中市西屯區四川二街30號",NA,NA,NA
2015,"桃園市龜山區文化里科技三路88號",NA,NA,NA
2016,"台北市中山區松江路152號",NA,NA,NA
2017,"高雄市楠梓加工出口區中央路58號",NA,NA,NA
2018,"新北巿三重區重新路五段609巷12號",NA,NA,NA
2019,"新北市新莊區新樹路315巷15號",NA,NA,NA
2020,"新北市汐止區大同路一段237號",NA,NA,NA
2021,"桃園市龜山區山鶯路中華巷2號",NA,NA,NA
2022,"新竹縣竹北市台元街22號",NA,NA,NA
2023,"新北市永和區竹林路60號",NA,NA,NA
2024,"台北市內湖區瑞光路358巷30弄1號",NA,NA,NA
2025,"新北市土城區中央路四段51號",NA,NA,NA
2026,"台北市內湖區瑞光路392號",NA,NA,NA
2027,"台南市永康區中華路425號",NA,NA,NA
2028,"台北市內湖區堤頂大道一段1號",NA,NA,NA
2029,"台北市大同區鄭州路87號",NA,NA,NA
2030,"新北市汐止區新台五路一段97號",NA,NA,NA
2031,"新竹科學工業園區新竹市工業東四路24號",NA,NA,NA
2032,"台中市潭子區台中加工出口區建國路12號",NA,NA,NA
2033,"桃園市桃園區興邦路34號",NA,NA,NA
2034,"台北市中山北路六段九十號",NA,NA,NA
2035,"高雄市大寮區民貴街60巷5號",NA,NA,NA
2036,"桃園巿楊梅區民豐路277號",NA,NA,NA
2037,"新竹市科學園區力行五路9號",NA,NA,NA
2038,"桃園市中壢區環北路400號",NA,NA,NA
2039,"新竹科學園區新竹縣園區三路123號",NA,NA,NA
2040,"苗栗縣竹南科中路31號",NA,NA,NA
2041,"桃園市觀音區觀音工業區經建一路16號",NA,NA,NA
2042,"新竹市科學園區科技五路六號",NA,NA,NA
2043,"桃園市蘆竹區榮安路10號",NA,NA,NA
2044,"桃園市大林里興邦路39號",NA,NA,NA
2045,"臺北市中正區館前路49號",NA,NA,NA
2046,"台北市中山區松江路162號",NA,NA,NA
2047,"新竹科學工業園區新竹市東區力行路11號",NA,NA,NA
2048,"桃園市中壢區中壢工業區東園路38號",NA,NA,NA
2049,"桃園市平鎮區平鎮工業區工業五路四號",NA,NA,NA
2050,"新北市中和區中正路716號",NA,NA,NA
2051,"台北市園區街3號",NA,NA,NA
2052,"台北市復興北路101號",NA,NA,NA
2053,"新北市汐止區大同路一段239號",NA,NA,NA
2054,"台北市內湖區行愛路151號",NA,NA,NA
2055,"臺北市內湖區陽光街298號",NA,NA,NA
2056,"新北市新店區北新路3段205號",NA,NA,NA
2057,"新北市三重區光復路二段二十五號",NA,NA,NA
2058,"台北市內湖區行忠路42號",NA,NA,NA
2059,"台北市內湖區堤頂大道二段483號",NA,NA,NA
2060,"台北市內湖區內湖路一段68號",NA,NA,NA
2061,"桃園市桃園區興邦路43巷3號",NA,NA,NA
2062,"新竹科學工業園區新竹縣創新一路5號",NA,NA,NA
2063,"台北市內湖區陽光街349號",NA,NA,NA
2064,"新北市土城區自強街8號",NA,NA,NA
2065,"新竹市東區公道五路二段417號",NA,NA,NA
2066,"桃園市龜山區民生北路一段568號",NA,NA,NA
2067,"新北市新莊區民安路429巷1號",NA,NA,NA
2068,"嘉義縣民雄鄉福樂村中山路6號",NA,NA,NA
2069,"台南市安南區安和路2段54巷225號",NA,NA,NA
2070,"新竹科學園區新竹市科技五路6號",NA,NA,NA
2071,"桃園市觀音區樹林里工業四路9號",NA,NA,NA
2072,"新竹縣竹北市台元街36號",NA,NA,NA
2073,"臺北市忠孝東路2段88號",NA,NA,NA
2074,"桃園市楊梅區楊湖路二段718號",NA,NA,NA
2075,"高雄市前鎮區擴建路1號",NA,NA,NA
2076,"臺北市大安區敦化南路2段97號",NA,NA,NA
2077,"新竹市科學工業園區工業東二路八號",NA,NA,NA
2078,"新北市深坑區北深路三段270巷8號",NA,NA,NA
2079,"新北市中和區建一路166號",NA,NA,NA
2080,"桃園市龜山區大華里頂湖五街三號",NA,NA,NA
2081,"台北市內湖區洲子街116號",NA,NA,NA
2082,"新竹縣科學園區工業東九路三十號",NA,NA,NA
2083,"台北市大安區復興南路一段390號",NA,NA,NA
2084,"桃園市桃園區大林里21鄰興邦路32號",NA,NA,NA
2085,"高雄市新興區六合路183號",NA,NA,NA
2086,"台中市北區五常里五權路401號",NA,NA,NA
2087,"台北市中山區吉林路99號",NA,NA,NA
2088,"台北市長安東路二段173號",NA,NA,NA
2089,"台北市敦化南路二段67號",NA,NA,NA
2090,"新竹市民族路186號",NA,NA,NA
2091,"高雄市前鎮區民權二路380號",NA,NA,NA
2092,"台北市士林區延平北路七段七號",NA,NA,NA
2093,"台北市市民大道四段102號",NA,NA,NA
2094,"台北市信義區松高路1號",NA,NA,NA
2095,"臺中市西區臺灣大道2段501號",NA,NA,NA
2096,"台中市文心路二段201號",NA,NA,NA
2097,"新竹市柴橋里藝術路8號",NA,NA,NA
2098,"新北市汐止區東勢街111號",NA,NA,NA
2099,"台中市西區台灣大道二段408號",NA,NA,NA
2100,"台北市敦化南路一段294號",NA,NA,NA
2101,"台北市北平東路30號",NA,NA,NA
2102,"台中市西屯區文心路二段201號",NA,NA,NA
2103,"高雄市岡山區中山北路140號",NA,NA,NA
2104,"基隆市七堵區堵南里三合街二號",NA,NA,NA
2105,"新北市汐止區大同路2段171號",NA,NA,NA
2106,"台中市西屯區工業區一路7號",NA,NA,NA
2107,"台北市信義區松高路1號",NA,NA,NA
2108,"台北市105松山區復興北路167號",NA,NA,NA
2109,"台北市114民權東路六段160號",NA,NA,NA
2110,"雲林縣古坑鄉永光村大湖口六十七號",NA,NA,NA
2111,"台北市民權東路2段41號",NA,NA,NA
2112,"台東縣卑南鄉溫泉村龍泉路113巷23號",NA,NA,NA
2113,"台北市長安東路一段25號",NA,NA,NA
2114,"台北市中山區南京東路2段85.87號",NA,NA,NA
2115,"台南市北區西門路三段十號",NA,NA,NA
2116,"台北市內湖區瑞光路362號",NA,NA,NA
2117,"台北市中山區民生東路二段149號",NA,NA,NA
2118,"臺北市館前路49號",NA,NA,NA
2119,"臺北市松山區長安東路二段225號",NA,NA,NA
2120,"臺南市永康區中正路301號",NA,NA,NA
2121,"台北市中山北路二段61號",NA,NA,NA
2122,"台南市民族路三段74號",NA,NA,NA
2123,"高雄市苓雅區光華一路206號",NA,NA,NA
2124,"台南市東區東門路二段297號",NA,NA,NA
2125,"台北市大安區復興南路二段237號",NA,NA,NA
2126,"台北市民生東路三段156號",NA,NA,NA
2127,"台北市信義路四段236號",NA,NA,NA
2128,"台北市基隆路一段176號",NA,NA,NA
2129,"台北市大同區承德路一段17號",NA,NA,NA
2130,"臺北市民生東路二段一七四號",NA,NA,NA
2131,"台北市中山區南京東路三段225號",NA,NA,NA
2132,"台北市大安區敦化南路2段97號",NA,NA,NA
2133,"台北市忠孝西路1段6號",NA,NA,NA
2134,"台北市大安區復興南路二段268號",NA,NA,NA
2135,"新竹巿科學工業園區園區二路11號",NA,NA,NA
2136,"新北市新店區北新路三段205號",NA,NA,NA
2137,"新北巿樹林區俊英街84巷6號",NA,NA,NA
2138,"台北市大安區基隆路4段43號",NA,NA,NA
2139,"台北市基隆路一段200號",NA,NA,NA
2140,"台北市114內湖路一段516號",NA,NA,NA
2141,"台北市內湖區洲子街58號",NA,NA,NA
2142,"台北市內湖區陽光街365巷39號",NA,NA,NA
2143,"桃園市龜山區大華里頂湖路50號",NA,NA,NA
2144,"台北市信義區松智路1號",NA,NA,NA
2145,"桃園市龜山區南上路350巷57號",NA,NA,NA
2146,"新北市新店區中正路531號",NA,NA,NA
2147,"新竹縣湖口鄉光復北路20號",NA,NA,NA
2148,"新竹縣湖口鄉八德路二段471號",NA,NA,NA
2149,"台北市內湖區瑞光路210號",NA,NA,NA
2150,"台北市內湖區瑞光路76巷33號",NA,NA,NA
2151,"臺北市南港區三重路19號",NA,NA,NA
2152,"新北市瑞芳區頂坪路瑞芳工業區69號",NA,NA,NA
2153,"新竹縣湖口鄉中正路二段209號",NA,NA,NA
2154,"桃園市平鎮區平東路一段160號",NA,NA,NA
2155,"台中市梧棲區自強路50號",NA,NA,NA
2156,"新北市新店區寶橋路233號",NA,NA,NA
2157,"臺北市松山區南京東路5段188號",NA,NA,NA
2158,"臺北市松山區復興北路1號",NA,NA,NA
2159,"新北市深坑區北深路三段270巷6號",NA,NA,NA
2160,"新北市五股區工業區五工六路72號",NA,NA,NA
2161,"新北市新店區寶強路6號",NA,NA,NA
2162,"新竹市新竹科學園區篤行一路6號",NA,NA,NA
2163,"新北市汐止區大同路一段175號",NA,NA,NA
2164,"台北市中山區建國北路二段147號",NA,NA,NA
2165,"台北市大安區基隆路二段一一二號",NA,NA,NA
2166,"台北市內湖區瑞湖街158號",NA,NA,NA
2167,"新竹縣竹北市博愛街945號",NA,NA,NA
2168,"台北市民權西路53號",NA,NA,NA
2169,"新北市汐止區新台五路一段一0六號",NA,NA,NA
2170,"新竹市新竹科學工業園區力行五路三號",NA,NA,NA
2171,"台北市中正區北平東路30號",NA,NA,NA
2172,"新北市汐止區新台五路一段79號",NA,NA,NA
2173,"桃園市大園區南港里11鄰長發路250號",NA,NA,NA
2174,"桃園市中壢區東園路69號",NA,NA,NA
2175,"新北市樹林區博愛街248號",NA,NA,NA
2176,"高雄市807三民區建國二路2號",NA,NA,NA
2177,"桃園市平鎮區南豐路269號",NA,NA,NA
2178,"新北市土城區忠承路117號",NA,NA,NA
2179,"桃園市興華路9號",NA,NA,NA
2180,"台北市大安區敦化南路二段333號",NA,NA,NA
2181,"新北市新店區北新路三段207號",NA,NA,NA
2182,"新北市汐止區新台五路一段108號",NA,NA,NA
2183,"新北市新店區中正路542號",NA,NA,NA
2184,"臺北市松山區八德路2段400號",NA,NA,NA
2185,"新北市中和區建一路166號",NA,NA,NA
2186,"台中市西屯區工業區六路八號",NA,NA,NA
2187,"新竹市中華路五段522巷18號",NA,NA,NA
2188,"台北市內湖區瑞光路358巷30弄8號",NA,NA,NA
2189,"台北市內湖區安美街181號",NA,NA,NA
2190,"台中市西屯區台灣大道四段839號",NA,NA,NA
2191,"新竹市水利路21號",NA,NA,NA
2192,"桃園市楊梅區高獅路566號",NA,NA,NA
2193,"台中市潭子區台中加工出口區建國路11號",NA,NA,NA
2194,"苗栗縣銅鑼鄉中興工業區中隆二路9號",NA,NA,NA
2195,"高雄市前鎮區高雄加工出口區中六路一號",NA,NA,NA
2196,"台北市中山區建國北路一段96號",NA,NA,NA
2197,"新北市汐止區新台五路一段96號",NA,NA,NA
2198,"台北市內湖區瑞湖街111號",NA,NA,NA
2199,"桃園市龍潭區龍潭科學園區龍園一路100號",NA,NA,NA
2200,"台北市南港區三重路19號",NA,NA,NA
2201,"新北市土城區中華路二段207號",NA,NA,NA
2202,"新北市土城區自強街11巷1號",NA,NA,NA
2203,"台北市松山區民生東路三段109號",NA,NA,NA
2204,"高雄市路竹區路科十路1號",NA,NA,NA
2205,"桃園市龜山區文化二路188號",NA,NA,NA
2206,"臺北市內湖區環山路一段32號",NA,NA,NA
2207,"桃園市中壢區北園路17號(公司:新北市五股區五工六路72號",NA,NA,NA
2208,"新北市新店區民權路48號",NA,NA,NA
2209,"台北市南港區園區街3之1號",NA,NA,NA
2210,"桃園市桃園區新埔六街101號",NA,NA,NA
2211,"桃園市龜山區頂湖一街69號",NA,NA,NA
2212,"台北市南港區園區街3號",NA,NA,NA
2213,"新北市中和區建一路176號",NA,NA,NA
2214,"台北市內湖區瑞光路188巷43號",NA,NA,NA
2215,"桃園市平鎮區洪圳路385~3號",NA,NA,NA
2216,"台南市安定區中沙里沙崙35號",NA,NA,NA
2217,"新竹市科學工業園區研新二路三號",NA,NA,NA
2218,"台北市內湖區內湖路一段360巷19號",NA,NA,NA
2219,"桃園市桃園區中正路1221號",NA,NA,NA
2220,"新北市汐止區大同路三段194號",NA,NA,NA
2221,"台北市內湖區行愛路168號",NA,NA,NA
2222,"高雄市前鎮區新生路二四八之三十九號",NA,NA,NA
2223,"台南市安南區工明南二路106號",NA,NA,NA
2224,"台中市梧棲區向上路九段562巷91號",NA,NA,NA
2225,"桃園市中壢區中壢工業區松江北路24號",NA,NA,NA
2226,"新竹市公道五路2段419號",NA,NA,NA
2227,"新竹縣新埔鎮內立里大魯閣路17號",NA,NA,NA
2228,"台北市內湖區瑞光路318號",NA,NA,NA
2229,"台北市內湖區洲子街60號",NA,NA,NA
2230,"新竹縣湖口鄉新竹工業區復興路26號",NA,NA,NA
2231,"新北市板橋區和平路24巷8號",NA,NA,NA
2232,"台北市大同區承德路一段70號",NA,NA,NA
2233,"台中市西區大隆路20號",NA,NA,NA
2234,"桃園市新屋區中山東路二段130巷12號",NA,NA,NA
2235,"新竹市光復路二段289號",NA,NA,NA
2236,"新北市汐止區中興路32號",NA,NA,NA
2237,"新竹縣竹北市中和街155號",NA,NA,NA
2238,"新竹科學園區工業東四路24之1號",NA,NA,NA
2239,"臺北市松山區中正里長安東路2段215號",NA,NA,NA
2240,"新北市中和區建康路8號",NA,NA,NA
2241,"新北市新店區北新路三段207號",NA,NA,NA
2242,"新北市汐止區大同路一段239號",NA,NA,NA
2243,"新北市汐止區康寧街169巷29號",NA,NA,NA
2244,"新北市三重區中興北街184號",NA,NA,NA
2245,"台北市中山區民生東路二段161號",NA,NA,NA
2246,"台北市南港路三段48號",NA,NA,NA
2247,"台中市437大甲區日南里工七路1號",NA,NA,NA
2248,"桃園市平鎮區太平東路1號",NA,NA,NA
2249,"台北市大安區仁愛路四段4號",NA,NA,NA
2250,"台北市市民大道四段100號",NA,NA,NA
2251,"新竹縣竹北市泰和路84號",NA,NA,NA
2252,"新竹縣湖口鄉新竹工業區大同路10號",NA,NA,NA
2253,"臺北市忠孝西路1段50號",NA,NA,NA
2254,"台南市709安南區工業二路82號",NA,NA,NA
2255,"台南巿永康區王行里環工路29號",NA,NA,NA
2256,"新竹科學工業園區新竹市力行路21號",NA,NA,NA
2257,"新北市深坑區北深路3段248號",NA,NA,NA
2258,"新北市汐止區大同路2段173號",NA,NA,NA
2259,"新北市新莊區思源路332巷7號",NA,NA,NA
2260,"新北市中和區員山路512號",NA,NA,NA
2261,"台北市大同區承德路三段132號",NA,NA,NA
2262,"桃園市蘆竹區民權路50號",NA,NA,NA
2263,"新竹縣竹東鎮北興路1段436號",NA,NA,NA
2264,"台北市內湖區瑞湖街199號",NA,NA,NA
2265,"新竹市科學工業園區科技路5號",NA,NA,NA
2266,"新北市新店區民權路96號",NA,NA,NA
2267,"台北巿士林區中山北路五段453號",NA,NA,NA
2268,"新北市新店區寶中路92號",NA,NA,NA
2269,"新竹市牛埔東路480號",NA,NA,NA
2270,"高雄市大寮區大發工業區莒光一街23號",NA,NA,NA
2271,"新北市汐止區新台五路一段75號",NA,NA,NA
2272,"台北市延平南路83號",NA,NA,NA
2273,"新竹縣竹北市博愛街803號",NA,NA,NA
2274,"高雄市仁武區鳳仁路329號",NA,NA,NA
2275,"台北市內湖區洲子街107號",NA,NA,NA
2276,"新北市汐止區大同路二段125號",NA,NA,NA
2277,"桃園市桃園區大林里桃鶯路437號",NA,NA,NA
2278,"新北市汐止區環河街68號",NA,NA,NA
2279,"新北市五股區五工六路55號",NA,NA,NA
2280,"新北市淡水區淡金路三段159號",NA,NA,NA
2281,"台北市內湖區新湖二路146巷19號",NA,NA,NA
2282,"苗栗縣竹南鎮公義里11鄰科義街11號",NA,NA,NA
2283,"新竹科學園區園區二路20號",NA,NA,NA
2284,"新竹科學園區新竹市研發二路18號",NA,NA,NA
2285,"新竹科學工業園區苗栗縣竹南鎮科東一路二號",NA,NA,NA
2286,"新竹縣湖口鄉鳳山村光復北路119號",NA,NA,NA
2287,"台北市長安東路一段36號",NA,NA,NA
2288,"新竹科學園區力行一路一號",NA,NA,NA
2289,"桃園縣龜山鄉民生北路一段38號",NA,NA,NA
2290,"台南市北區成功路114號",NA,NA,NA
2291,"台北市信義區忠孝東路五段510號",NA,NA,NA
2292,"桃園市中壢區北園路18號",NA,NA,NA
2293,"台北市內湖區新湖一路406號",NA,NA,NA
2294,"新北市中和區中正路736號",NA,NA,NA
2295,"新北市三重區光復路二段69號",NA,NA,NA
2296,"新北市中和區建康路10號",NA,NA,NA
2297,"新北市中和區板南路653號",NA,NA,NA
2298,"新北市樹林區博愛街242號",NA,NA,NA
2299,"台中市大里區工業九路一號",NA,NA,NA
2300,"桃園市中壢區中福路二段十巷二號",NA,NA,NA
2301,"新北市中和區中正路909號",NA,NA,NA
2302,"桃園市中壢區自強四路3號",NA,NA,NA
2303,"台南市新市區南科三路7號",NA,NA,NA
2304,"臺南市安平區永華路二段248號",NA,NA,NA
2305,"新北市三重區重新路五段646號",NA,NA,NA
2306,"新竹科學園區篤行一路6號",NA,NA,NA
2307,"桃園市中壢區榮民路421號",NA,NA,NA
2308,"新北市汐止區新台五路一段93號",NA,NA,NA
2309,"新北市淡水區中正東路二段27號",NA,NA,NA
2310,"新北市新店區北新路3段225號",NA,NA,NA
2311,"台北市南港區園區街3號",NA,NA,NA
2312,"苗栗縣竹南鎮科東三路2號",NA,NA,NA
2313,"台北市信義區光復南路495號",NA,NA,NA
2314,"臺北市信義區基隆路1段333號",NA,NA,NA
2315,"苗栗縣竹南鎮科中路12號",NA,NA,NA
2316,"台北市士林區承德路四段172號",NA,NA,NA
2317,"台北市內湖區瑞光路358巷36號",NA,NA,NA
2318,"台北市內湖區瑞光路360號",NA,NA,NA
2319,"台中市西屯區文心路二段201號",NA,NA,NA
2320,"台北巿內湖區內湖路一段120巷13號",NA,NA,NA
2321,"桃園市中壢區成章四街143號",NA,NA,NA
2322,"新竹市金山八街1號",NA,NA,NA
2323,"台北市內湖區行愛路69號",NA,NA,NA
2324,"台南市安南區科技五路19號",NA,NA,NA
2325,"台中市臺灣大道二段186號",NA,NA,NA
2326,"新竹市公道五路二段83號",NA,NA,NA
2327,"新北市五股區五工五路三十八之一號",NA,NA,NA
2328,"新竹市科學工業園區工業東二路八號",NA,NA,NA
2329,"桃園市龜山區興業街5號",NA,NA,NA
2330,"新北市新店區北新路3段225號",NA,NA,NA
2331,"新竹市水利路81號",NA,NA,NA
2332,"台北市南港區園區街3號",NA,NA,NA
2333,"臺北市信義區松仁路100號",NA,NA,NA
2334,"台北市士林區後港街116號",NA,NA,NA
2335,"高雄市燕巢區角宿里四林路699號",NA,NA,NA
2336,"台北市敦化北路201號",NA,NA,NA
2337,"南投縣南投市南崗工業區永興路3號",NA,NA,NA
2338,"台南市麻豆區苓子林17號",NA,NA,NA
2339,"高雄市大寮區潮寮里華東路28號",NA,NA,NA
2340,"桃園巿平鎮區工業三路15號",NA,NA,NA
2341,"新竹縣竹北市復興一街251號",NA,NA,NA
2342,"基隆市七堵區工建路1號",NA,NA,NA
2343,"台北市中正區羅斯福路二段100號",NA,NA,NA
2344,"台北市中山區南京東路三段70號",NA,NA,NA
2345,"新北市中和區橋安街35號",NA,NA,NA
2346,"桃園市桃園區中山路956巷116號",NA,NA,NA
2347,"新北市新店區寶中路119號",NA,NA,NA
2348,"新竹縣竹北市台元一街一號",NA,NA,NA
2349,"新竹縣湖口鄉鳳山村光復南路58號",NA,NA,NA
2350,"新竹科學園區新竹市力行一路1號",NA,NA,NA
2351,"台北市南港區園區街3號",NA,NA,NA
2352,"桃園市龜山區萬壽路一段492之16號",NA,NA,NA
2353,"新北市板橋區縣民大道二段68號",NA,NA,NA
2354,"新竹科學工業園區新竹縣竹北市生醫三路68號",NA,NA,NA
2355,"高雄市楠梓加工出口區開發路24號",NA,NA,NA
2356,"高雄市楠梓加工出口區新開發路8號",NA,NA,NA
2357,"桃園市桃園區大誠路10號",NA,NA,NA
2358,"新竹科學園區新竹市展業一路9號",NA,NA,NA
2359,"新北市新莊區思源路23號",NA,NA,NA
2360,"台北市內湖區瑞光路68號",NA,NA,NA
2361,"新竹縣竹北市成功十二街28號",NA,NA,NA
2362,"新北市新店區寶橋路235巷135號",NA,NA,NA
2363,"新北市中和區建一路186號",NA,NA,NA
2364,"新北市新店區北新路三段207號",NA,NA,NA
2365,"台北市大安區忠孝東路四段310號",NA,NA,NA
2366,"台北市南港區三重路19號",NA,NA,NA
2367,"台北市內湖區環山路一段30號",NA,NA,NA
2368,"台南市安南區工業三路52號",NA,NA,NA
2369,"新北市新店區寶橋路235巷135號",NA,NA,NA
2370,"彰化縣伸港鄉彰濱工業區線工北一路36號",NA,NA,NA
2371,"屏東縣枋寮鄉中山路三段55號",NA,NA,NA
2372,"新北市汐止區康寧街169巷101號",NA,NA,NA
2373,"台北市信義區忠孝東路四段560號",NA,NA,NA
2374,"新北市中和區建八路16號",NA,NA,NA
2375,"台北市中山區松江路121號",NA,NA,NA
2376,"桃園市龜山區華亞一路36號",NA,NA,NA
2377,"台北市南港區南港路一段209號",NA,NA,NA
2378,"臺北市中山區樂群二路267號",NA,NA,NA
2379,"台南市關廟區埤頭里保東路269號",NA,NA,NA
2380,"彰化縣鹿港鎮頭南里南勢巷20號",NA,NA,NA
2381,"桃園市平鎮區延平路三段505號",NA,NA,NA
2382,"新竹縣竹北市生醫路2段16號",NA,NA,NA
2383,"新竹縣竹北市嘉豐南路二段76號",NA,NA,NA
2384,"台北市中正區重慶南路1段66之1號",NA,NA,NA
2385,"台中市西屯區龍富路五段261號",NA,NA,NA
2386,"臺北市內湖區新湖一路370號",NA,NA,NA
2387,"台北市松山區南京東路三段287號",NA,NA,NA
2388,"新北市土城區民生街2號",NA,NA,NA
2389,"高雄市鼓山區民利街15號",NA,NA,NA
2390,"新北市五股區五工五路60號",NA,NA,NA
2391,"新竹科學園區新竹縣竹北市生醫路二段26號",NA,NA,NA
2392,"高雄市仁武區鳳仁路295號",NA,NA,NA
2393,"新北市三重區光復路2段69號",NA,NA,NA
2394,"台北市南港區重陽路316號",NA,NA,NA
2395,"桃園市楊梅區和平路188號",NA,NA,NA
2396,"福建省漳州台商投資區白礁工業園15號",NA,NA,NA
2397,"苗栗縣竹南鎮公義里友義路66號",NA,NA,NA
2398,"台中市南屯區工業區二十二路21號",NA,NA,NA
2399,"新北市汐止區新台五路一段90號",NA,NA,NA
2400,"台北市中山區南京東路二段172號",NA,NA,NA
2401,"臺中市大里區工業八路58號",NA,NA,NA
2402,"桃園市平鎮區湧豐里工業五路10號",NA,NA,NA
2403,"新竹縣竹北市台元一街1號",NA,NA,NA
2404,"新竹科學園區篤行路6號",NA,NA,NA
2405,"新北市中和區中正路738號",NA,NA,NA
2406,"新竹縣竹北市莊敬北路431號",NA,NA,NA
2407,"台北市信義區忠孝東路四段563號",NA,NA,NA
2408,"台北市南港區三重路19號",NA,NA,NA
2409,"台南市安南區工業一路36號",NA,NA,NA
2410,"台中市西屯區工業區35路3號",NA,NA,NA
2411,"新北市中和區連城路268號",NA,NA,NA
2412,"新竹市公道五路三段1號",NA,NA,NA
2413,"台北市內湖區行善路132號",NA,NA,NA
2414,"台北市內湖區洲子街105及107號",NA,NA,NA
2415,"新北市新莊區五權三路12巷3號",NA,NA,NA
2416,"新竹縣竹北市台元一街5號",NA,NA,NA
2417,"新北市樹林區佳園路三段203號",NA,NA,NA
2418,"新竹市光復路2段295號",NA,NA,NA
2419,"高雄市燕巢區橫山路六十一號",NA,NA,NA
2420,"新竹科學園區新竹市力行路6號",NA,NA,NA
2421,"新北市汐止區新台五路一段79號",NA,NA,NA
2422,"台中巿工業區六路七號",NA,NA,NA
2423,"新竹科學工業園區工業東九路五號",NA,NA,NA
2424,"中部科學工業園區台中市西屯區科雅東路9號",NA,NA,NA
2425,"高雄市前鎮區高雄加工出口區環區三路一號",NA,NA,NA
2426,"新竹市光復路2段2巷47號",NA,NA,NA
2427,"新北市三重區光復路一段六十八巷十一弄一號",NA,NA,NA
2428,"台北市內湖區內湖路1段316號",NA,NA,NA
2429,"台北市敦化南路二段105號",NA,NA,NA
2430,"桃園市蘆竹區南崁路一段338號",NA,NA,NA
2431,"新北市汐止區福德二路236號",NA,NA,NA
2432,"台北市南港路三段50巷1號",NA,NA,NA
2433,"新北市汐止區新台五路一段116號",NA,NA,NA
2434,"台北市南港區園區街3號",NA,NA,NA
2435,"臺北市南港區三重路66號",NA,NA,NA
2436,"新北市土城區中山路64號",NA,NA,NA
2437,"南部科學園區台南市新市區南科六路9號",NA,NA,NA
2438,"臺北市內湖區新湖一路86號",NA,NA,NA
2439,"新北市三重區新北大道二段260號",NA,NA,NA
2440,"新北市新店區中正路531號",NA,NA,NA
2441,"新竹市科學工業園區力行一路3號",NA,NA,NA
2442,"高雄市楠梓加工出口區東七街16號",NA,NA,NA
2443,"新北市汐止區康寧街169巷27號",NA,NA,NA
2444,"台北市南港區三重路19號",NA,NA,NA
2445,"台南市佳里區海澄里萊芊寮12號",NA,NA,NA
2446,"新北市汐止區新台五路一段七十五號",NA,NA,NA
2447,"臺北市中山區南京東路2段69號",NA,NA,NA
2448,"台北市中正區重慶南路一段83號",NA,NA,NA
2449,"新竹市科學園區工業東三路2號",NA,NA,NA
2450,"新北市新莊區新北產業園區五權三路八號",NA,NA,NA
2451,"新北市中和區連城路258號",NA,NA,NA
2452,"台北市中山北路三段22號",NA,NA,NA
2453,"南部科學工業園區台南市新市區大利一路6號",NA,NA,NA
2454,"新北市汐止區大同路二段165號",NA,NA,NA
2455,"台北市內湖區成功路五段460號",NA,NA,NA
2456,"新竹巿香山區牛埔南路221號",NA,NA,NA
2457,"高雄市鳳山區鎮北里鎮北北巷20號",NA,NA,NA
2458,"桃園市經國路888號",NA,NA,NA
2459,"台北市南港區園區街3號",NA,NA,NA
2460,"新北市樹林區博愛街236號",NA,NA,NA
2461,"台北市中山北路三段22號",NA,NA,NA
2462,"台北市內湖區瑞光路258巷2號",NA,NA,NA
2463,"新北市淡水區中正東路一段3巷9號",NA,NA,NA
2464,"新竹縣湖口鄉新竹工業區光復北路12號",NA,NA,NA
2465,"苗栗縣頭份市蘆竹里4鄰工業路15號",NA,NA,NA
2466,"台南市安定區中沙里沙崙4號",NA,NA,NA
2467,"台中市工業區22路36號",NA,NA,NA
2468,"高雄市高雄加工出口區北一路18號",NA,NA,NA
2469,"新北市樹林區博愛街238號",NA,NA,NA
2470,"台北市內湖區港墘路189號",NA,NA,NA
2471,"新北市土城區大同街23號",NA,NA,NA
2472,"台北市內湖區基湖路39號",NA,NA,NA
2473,"雲林縣斗六市榴中里河南街329號",NA,NA,NA
2474,"新北市汐止區康寧街169巷31號",NA,NA,NA
2475,"新竹科學工業園區新竹縣研發一路一號",NA,NA,NA
2476,"桃園市龍潭區烏林里工二路128號",NA,NA,NA
2477,"桃園市龜山區山鶯路167號",NA,NA,NA
2478,"新北市新店區民權路130巷8號",NA,NA,NA
2479,"新竹市科學工業園區新安路8號",NA,NA,NA
2480,"高雄市大寮區大發工業區華東路39號",NA,NA,NA
2481,"新竹縣湖口鄉鳳凰村實踐路12號",NA,NA,NA
2482,"台北市內湖區瑞光路513巷36號",NA,NA,NA
2483,"新北市中和區建一路150號",NA,NA,NA
2484,"桃園市平鎮區工業二路12號",NA,NA,NA
2485,"桃園市龜山區建國東路29號",NA,NA,NA
2486,"台南市新營區新工路13巷1號",NA,NA,NA
2487,"新北市中和區中正路920號",NA,NA,NA
2488,"高雄市前金區中正四路235號",NA,NA,NA
2489,"台北市內湖區南京東路六段501號",NA,NA,NA
2490,"桃園縣蘆竹鄉南崁路2段22號",NA,NA,NA
2491,"新竹縣竹北市台元一街5號",NA,NA,NA
2492,"新北市土城區大安里忠承路32號",NA,NA,NA
2493,"台北市內湖區瑞光路513巷22弄5號",NA,NA,NA
2494,"台南市新營區開元路154號",NA,NA,NA
2495,"桃園市龜山區民生北路一段536號",NA,NA,NA
2496,"新北市樹林區樹潭街5號",NA,NA,NA
2497,"桃園市大園區濱海路二段208號",NA,NA,NA
2498,"新竹縣竹北市復興一街251號",NA,NA,NA
2499,"雲林縣元長鄉元東路1之20號",NA,NA,NA
2500,"彰化縣埤頭鄉崙腳村興工路四號",NA,NA,NA
2501,"台南市東區長榮路一段203號",NA,NA,NA
2502,"南投縣南投市成功三路239號",NA,NA,NA
2503,"台北市內湖區瑞光路392號",NA,NA,NA
2504,"台中市梧棲區臨港路3段68號",NA,NA,NA
2505,"新北市三重區光復路一段83巷7號",NA,NA,NA
2506,"桃園市蘆竹區南崁路一段99號",NA,NA,NA
2507,"新竹市西濱路六段五九九號",NA,NA,NA
2508,"台中市太平區祥順路1段116號",NA,NA,NA
2509,"桃園市經國路168號",NA,NA,NA
2510,"台中市大雅區科雅二路8號",NA,NA,NA
2511,"台北市內湖路一段516號",NA,NA,NA
2512,"台南市安南區科技五路85號",NA,NA,NA
2513,"台南市仁德區義林路122號",NA,NA,NA
2514,"台北市內湖區行愛路78巷28號",NA,NA,NA
2515,"屏東縣屏東市前進里經建路38號",NA,NA,NA
2516,"新竹縣湖口鄉新竹工業區中華路122號",NA,NA,NA
2517,"高雄市岡山區中山南路308號",NA,NA,NA
2518,"台北市大同區鄭州路139號",NA,NA,NA
2519,"新北市新店區民權路95號",NA,NA,NA
2520,"台北市士林區後港街96號",NA,NA,NA
2521,"台北市內湖區新湖一路151號",NA,NA,NA
2522,"台北市南港區園區街3之1號",NA,NA,NA
2523,"台北市內湖區內湖路一段360巷17號",NA,NA,NA
2524,"新北市汐止區新台五路一段77號",NA,NA,NA
2525,"台北市內湖區港墘路187號",NA,NA,NA
2526,"台北市衡陽路51號",NA,NA,NA
2527,"桃園市楊梅區頭湖里泰圳路313巷128號",NA,NA,NA
2528,"台北市中山區松江路168號",NA,NA,NA
2529,"台北市中山區建國北路二段135號",NA,NA,NA
2530,"台北市南港區南港路1段209號",NA,NA,NA
2531,"台北市內湖區洲子街96號",NA,NA,NA
2532,"高雄市左營區博愛三路102號",NA,NA,NA
2533,"台北市八德路2段308號",NA,NA,NA
2534,"台中市南屯區五權西路二段236號",NA,NA,NA
2535,"台北市大安區市民大道四段100號",NA,NA,NA
2536,"台北市吉林路99號",NA,NA,NA
2537,"高雄市苓雅區中正二路175號",NA,NA,NA
2538,"台北市南港區三重路19號",NA,NA,NA
2539,"高雄市前鎮區金福路1號",NA,NA,NA
2540,"台北市中山區中山北路二段96號",NA,NA,NA
2541,"台中市西屯區工業區十二路六號",NA,NA,NA
2542,"新北市三重區重新路五段609巷2號",NA,NA,NA
2543,"台北市內湖區陽光街321巷56號",NA,NA,NA
2544,"新北市中和區中正路955號",NA,NA,NA
2545,"台中市西屯區工業二路三號",NA,NA,NA
2546,"新北市土城區中山路六十五號",NA,NA,NA
2547,"高雄市鳳山區國泰路一段99號",NA,NA,NA
2548,"台北市敦化南路二段105號",NA,NA,NA
2549,"新北市土城區中華路2段221號",NA,NA,NA
2550,"新北市土城區中央路1段365巷7號",NA,NA,NA
2551,"台北市萬華區和平西路3段240號",NA,NA,NA
2552,"屏東縣內埔鄉豐田村建富路8號",NA,NA,NA
2553,"北市內湖區瑞光路392號",NA,NA,NA
2554,"新北市板橋區新海路137號",NA,NA,NA
2555,"高雄市大寮區光明路一段121巷53號",NA,NA,NA
2556,"台北市中正區忠孝東路2段130號",NA,NA,NA
2557,"台南市官田區二鎮里工業路九號",NA,NA,NA
2558,"桃園市大園區北港里14鄰潮音北路276號",NA,NA,NA
2559,"台北市內湖區洲子街196號",NA,NA,NA
2560,"台中市梧棲區港埠路一段497號",NA,NA,NA
2561,"台北市信義區信義路四段460號",NA,NA,NA
2562,"台中市潭子區豐興路二段龍興巷23號",NA,NA,NA
2563,"屏東縣新園鄉媽祖路400號",NA,NA,NA
2564,"嘉義縣義竹鄉義竹工業區義工二路二號",NA,NA,NA
2565,"高雄市小港區中林路26號",NA,NA,NA
2566,"台中市東區旱溪東路1段456號",NA,NA,NA
2567,"台北市內湖區瑞光路298號",NA,NA,NA
2568,"台南市歸仁區中山路一段411號",NA,NA,NA
2569,"桃園市中壢區吉林北路5號",NA,NA,NA
2570,"臺灣雲林縣斗六市雲科路三段76號",NA,NA,NA
2571,"台北市中正區延平南路七十五號",NA,NA,NA
2572,"台中市西屯區台灣大道四段600號",NA,NA,NA
2573,"台北市松江路293之805號",NA,NA,NA
2574,"高雄市前鎮區民權二路6號",NA,NA,NA
2575,"台南市永康區蔦松里中正北路837號",NA,NA,NA
2576,"台北市光復北路11巷35號",NA,NA,NA
2577,"雲林縣斗六市科工八路52號",NA,NA,NA
2578,"台中市大雅區雅潭路4段436號",NA,NA,NA
2579,"台北市南港區園區街3之1號",NA,NA,NA
2580,"彰化縣大村鄉美港村美港路116號",NA,NA,NA
2581,"台北市鄭州路139號",NA,NA,NA
2582,"新北市永和區永和路一段100號",NA,NA,NA
2583,"台南市佳里區民安里同安寮77號",NA,NA,NA
2584,"台中市大甲區順帆路19號",NA,NA,NA
2585,"高雄市岡山區本洲里育才路88號",NA,NA,NA
2586,"台北市內湖區行愛路128號",NA,NA,NA
2587,"新北市三重區力行路一段52號",NA,NA,NA
2588,"高雄市大寮區莒光三街六號",NA,NA,NA
2589,"台北市南港區重陽路118號",NA,NA,NA
2590,"台北市信義區市民大道六段288號",NA,NA,NA
2591,"高雄市前鎮區成功二路88號",NA,NA,NA
2592,"高雄市鹽埕區大義街56號",NA,NA,NA
2593,"台北市中山北路六段89號",NA,NA,NA
2594,"台中市潭子區(台中加工出口區)建國路22號",NA,NA,NA
2595,"彰化縣福興鄉沿海路四段三七三號",NA,NA,NA
2596,"台北市羅斯福路六段140號",NA,NA,NA
2597,"彰化縣和美鎮好修里和港路575號",NA,NA,NA
2598,"台中市西屯區工業區2路6號",NA,NA,NA
2599,"台北市信義區信義路五段一00號",NA,NA,NA
2600,"台北市敦化南路二段二號",NA,NA,NA
2601,"南投市南崗工業區工業路336號",NA,NA,NA
2602,"台北市信義區忠孝東路5段293號",NA,NA,NA
2603,"桃園市八德區聯華街41號",NA,NA,NA
2604,"台北市八德路二段三0八號",NA,NA,NA
2605,"台北市松山區八德路3段30號",NA,NA,NA
2606,"新北市永和區成功路一段80號",NA,NA,NA
2607,"台南市711歸仁區中正南路二段1號",NA,NA,NA
2608,"台南市永康區王行里16鄰永科五路6號",NA,NA,NA
2609,"桃園市觀音區大潭里一鄰環科路323號",NA,NA,NA
2610,"桃園市觀音區中山路一段1119號",NA,NA,NA
2611,"高雄市苓雅區海邊路29號",NA,NA,NA
2612,"高雄市永安區永工十路2號",NA,NA,NA
